,Ranking,Wallet,First,Last
0,1,4kN..ayX,4kN,ayX
1,2,DHX..yCP,DHX,yCP
2,3,6AK..J8w,6AK,J8w
3,4,LGU..2ak,LGU,2ak
4,5,GVc..Sak,GVc,Sak
5,6,86f..qh9,86f,qh9
6,7,3n5..Min,3n5,Min
7,8,CXm..kE6,CXm,kE6
8,9,Bvz..qgo,Bvz,qgo
9,10,7sS..161,7sS,161
10,11,Ctc..Q34,Ctc,Q34
11,12,8rq..5bM,8rq,5bM
12,13,5bw..c3u,5bw,c3u
13,14,7R7..ezS,7R7,ezS
14,15,4ee..ncY,4ee,ncY
15,16,3pV..rxi,3pV,rxi
16,17,2E6..uny,2E6,uny
17,18,Af2..GuH,Af2,GuH
18,19,HVa..CVv,HVa,CVv
19,20,D6u..4fv,D6u,4fv
20,21,5Cw..RUr,5Cw,RUr
21,22,7XA..bxC,7XA,bxC
22,23,3xy..udR,3xy,udR
23,24,P2F..had,P2F,had
24,25,5re..eAm,5re,eAm
25,26,BzX..ty9,BzX,ty9
26,27,2ct..knu,2ct,knu
27,28,9K2..gSx,9K2,gSx
28,29,9n6..C2w,9n6,C2w
29,30,H5t..a1F,H5t,a1F
30,31,6c9..WFe,6c9,WFe
31,32,364..Y7p,364,Y7p
32,33,CGz..FmH,CGz,FmH
33,34,6PE..Bts,6PE,Bts
34,35,4Ho..PwA,4Ho,PwA
35,36,G5s..wX5,G5s,wX5
36,37,B99..4Ax,B99,4Ax
37,38,4Qb..zEi,4Qb,zEi
38,39,EHx..7aW,EHx,7aW
39,40,B6z..o1Z,B6z,o1Z
40,41,777..kER,777,kER
41,42,AP2..NfL,AP2,NfL
42,43,9Gc..837,9Gc,837
43,44,9Xx..UAk,9Xx,UAk
44,45,2NW..ggp,2NW,ggp
45,46,Heg..432,Heg,432
46,47,5db..ejo,5db,ejo
47,48,5Hf..gv6,5Hf,gv6
48,49,6wX..2bw,6wX,2bw
49,50,Gdk..4ry,Gdk,4ry
50,51,2jJ..H4H,2jJ,H4H
51,52,Ahn..brU,Ahn,brU
52,53,78A..jM5,78A,jM5
53,54,FNG..Ujz,FNG,Ujz
54,55,2rx..v9X,2rx,v9X
55,56,3D4..aZL,3D4,aZL
56,57,5ec..h3R,5ec,h3R
57,58,kos..kaE,kos,kaE
58,59,4Me..RsB,4Me,RsB
59,60,7mx..zru,7mx,zru
60,61,GCr..kTQ,GCr,kTQ
61,62,8vd..fQe,8vd,fQe
62,63,C36..Hdq,C36,Hdq
63,64,E2B..UTp,E2B,UTp
64,65,18J..z56,18J,z56
65,66,EXo..vxc,EXo,vxc
66,67,AsF..N18,AsF,N18
67,68,CWD..8Xp,CWD,8Xp
68,69,6s7..1Kf,6s7,1Kf
69,70,AbS..Ydo,AbS,Ydo
70,71,H5e..MTq,H5e,MTq
71,72,3GV..mHW,3GV,mHW
72,73,8yX..V3C,8yX,V3C
73,74,mpy..BHk,mpy,BHk
74,75,FCg..53D,FCg,53D
75,76,78i..qWh,78i,qWh
76,77,9kT..viZ,9kT,viZ
77,78,4uM..CJP,4uM,CJP
78,79,7WT..xs6,7WT,xs6
79,80,9sC..dbt,9sC,dbt
80,81,2N7..5up,2N7,5up
81,82,2Cy..LLL,2Cy,LLL
82,82,2cB..FQf,2cB,FQf
83,83,6XJ..a2h,6XJ,a2h
84,84,CDF..mG3,CDF,mG3
85,85,Ffx..1sD,Ffx,1sD
86,86,BKw..dWM,BKw,dWM
87,87,Abc..rWq,Abc,rWq
88,88,4mi..fQK,4mi,fQK
89,89,46i..F2N,46i,F2N
90,90,A5r..mu3,A5r,mu3
91,91,DbR..ZmS,DbR,ZmS
92,92,71a..Ksq,71a,Ksq
93,93,9eg..tjh,9eg,tjh
94,94,AN7..3yy,AN7,3yy
95,95,8RX..rok,8RX,rok
96,96,BtL..Joi,BtL,Joi
97,97,EXM..4as,EXM,4as
98,98,Znv..uDv,Znv,uDv
99,99,BSe..ftr,BSe,ftr
100,100,Bcb..Yeo,Bcb,Yeo
101,101,9n1..6bE,9n1,6bE
102,102,iWS..U9z,iWS,U9z
103,103,Gp5..DC8,Gp5,DC8
104,104,F8j..jQT,F8j,jQT
105,105,GtD..eYL,GtD,eYL
106,106,H8i..34d,H8i,34d
107,107,EpH..6Di,EpH,6Di
108,107,CWP..KRu,CWP,KRu
109,108,Ekw..N1W,Ekw,N1W
110,109,4a8..bDV,4a8,bDV
111,110,DE9..qAn,DE9,qAn
112,111,767..NFf,767,NFf
113,112,BkK..EZZ,BkK,EZZ
114,113,2MH..FHJ,2MH,FHJ
115,114,2x3..Ftb,2x3,Ftb
116,115,9pe..J5d,9pe,J5d
117,116,2Ug..cPg,2Ug,cPg
118,117,F2N..74F,F2N,74F
119,118,G5c..pv1,G5c,pv1
120,119,75H..MWQ,75H,MWQ
121,120,5FW..q7x,5FW,q7x
122,121,CCT..7F8,CCT,7F8
123,122,5SQ..QwN,5SQ,QwN
124,123,7Pr..Rzo,7Pr,Rzo
125,124,Cyk..fW1,Cyk,fW1
126,125,711..qYK,711,qYK
127,126,ETp..Pyc,ETp,Pyc
128,127,7Ur..zQA,7Ur,zQA
129,128,5WY..J7W,5WY,J7W
130,129,6y1..c34,6y1,c34
131,130,9vv..iQ7,9vv,iQ7
132,131,HUY..5si,HUY,5si
133,132,8wH..6sF,8wH,6sF
134,133,4tC..5BF,4tC,5BF
135,134,Fh5..xn1,Fh5,xn1
136,135,DJd..9Cq,DJd,9Cq
137,136,BtE..J56,BtE,J56
138,137,HgC..jJ9,HgC,jJ9
139,138,3hq..bYM,3hq,bYM
140,139,Bvm..FTL,Bvm,FTL
141,140,5Kt..ndN,5Kt,ndN
142,141,AvA..VBo,AvA,VBo
143,142,5MZ..bnm,5MZ,bnm
144,143,5sb..zha,5sb,zha
145,144,ANY..GNx,ANY,GNx
146,145,9Td..MFy,9Td,MFy
147,146,ksG..PnT,ksG,PnT
148,147,HJk..f7h,HJk,f7h
149,148,458..9dz,458,9dz
150,149,J79..dB7,J79,dB7
151,150,A2h..JxW,A2h,JxW
152,151,Czi..WzT,Czi,WzT
153,152,Dw2..9Lu,Dw2,9Lu
154,153,BEi..2me,BEi,2me
155,154,AkV..AWN,AkV,AWN
156,155,95y..UA4,95y,UA4
157,156,2gC..tGH,2gC,tGH
158,157,8qj..vBt,8qj,vBt
159,158,8HX..9kD,8HX,9kD
160,159,7bm..8Dt,7bm,8Dt
161,160,AgN..UEn,AgN,UEn
162,161,DMW..dpR,DMW,dpR
163,162,FsQ..DZ1,FsQ,DZ1
164,163,3Ur..dMi,3Ur,dMi
165,164,Edx..WGB,Edx,WGB
166,165,3Ux..2eK,3Ux,2eK
167,166,9Fe..gWn,9Fe,gWn
168,167,8ad..2gZ,8ad,2gZ
169,168,7Jq..pf3,7Jq,pf3
170,169,BJo..3f3,BJo,3f3
171,170,DcR..cu7,DcR,cu7
172,171,5ar..giF,5ar,giF
173,172,FG4..uGt,FG4,uGt
174,173,7jX..kd5,7jX,kd5
175,174,49N..h86,49N,h86
176,175,fjx..BHc,fjx,BHc
177,176,EJf..fhg,EJf,fhg
178,177,7Pz..1hS,7Pz,1hS
179,178,EjJ..s7s,EjJ,s7s
180,179,Ejc..2Eo,Ejc,2Eo
181,180,GM9..noJ,GM9,noJ
182,181,8Dz..Aq2,8Dz,Aq2
183,182,3ur..jEG,3ur,jEG
184,183,Ez9..xVw,Ez9,xVw
185,184,2yf..Sk8,2yf,Sk8
186,185,J2E..1KY,J2E,1KY
187,186,9RL..h3i,9RL,h3i
188,187,GLC..8nD,GLC,8nD
189,188,E4q..sQW,E4q,sQW
190,189,ECa..r8R,ECa,r8R
191,190,8Qf..YDc,8Qf,YDc
192,191,Bm6..WR1,Bm6,WR1
193,192,AQ1..KzX,AQ1,KzX
194,193,2a1..WQB,2a1,WQB
195,194,CRt..z2p,CRt,z2p
196,195,9TN..1j3,9TN,1j3
197,196,Ba4..FmG,Ba4,FmG
198,197,Cby..oRZ,Cby,oRZ
199,198,EUu..XiV,EUu,XiV
200,199,AGL..9ad,AGL,9ad
201,200,G21..gDj,G21,gDj
202,201,HLh..rg7,HLh,rg7
203,202,CTN..yGE,CTN,yGE
204,203,5qG..wd5,5qG,wd5
205,204,8Ki..3sn,8Ki,3sn
206,205,86m..KzE,86m,KzE
207,206,K27..vaG,K27,vaG
208,207,Ai7..BLD,Ai7,BLD
209,208,Cun..Hcy,Cun,Hcy
210,209,88A..2Ly,88A,2Ly
211,210,2mV..EeJ,2mV,EeJ
212,211,F3G..si9,F3G,si9
213,212,3AJ..A56,3AJ,A56
214,213,2dT..xKs,2dT,xKs
215,214,6kW..pDm,6kW,pDm
216,215,4Nz..q2T,4Nz,q2T
217,216,64V..aVc,64V,aVc
218,217,6B5..d9y,6B5,d9y
219,218,FvH..Uxh,FvH,Uxh
220,219,Cka..5HK,Cka,5HK
221,220,FYd..G21,FYd,G21
222,221,8YC..YNq,8YC,YNq
223,222,Aak..zNU,Aak,zNU
224,223,J9a..bGA,J9a,bGA
225,224,BBg..yQZ,BBg,yQZ
226,225,3Fs..Q8W,3Fs,Q8W
227,226,Dsk..i7P,Dsk,i7P
228,227,9Y6..Dfp,9Y6,Dfp
229,228,9Tu..Az9,9Tu,Az9
230,229,Ccg..8KY,Ccg,8KY
231,230,DHU..VoW,DHU,VoW
232,231,ArP..yr6,ArP,yr6
233,232,AZQ..RZa,AZQ,RZa
234,233,Cha..xEV,Cha,xEV
235,234,B62..4AW,B62,4AW
236,235,7vF..f2P,7vF,f2P
237,236,ouu..gHf,ouu,gHf
238,237,owa..RH9,owa,RH9
239,238,9jP..jhk,9jP,jhk
240,239,GwP..ZwG,GwP,ZwG
241,240,5rh..crv,5rh,crv
242,241,ECn..Jeh,ECn,Jeh
243,242,9cj..GiJ,9cj,GiJ
244,243,Cf7..cjR,Cf7,cjR
245,244,zUd..xt8,zUd,xt8
246,245,2b3..Cc5,2b3,Cc5
247,246,B5F..7jo,B5F,7jo
248,247,Ajt..BeM,Ajt,BeM
249,248,GDm..yxJ,GDm,yxJ
