Account,Token Account,Quantity,Percentage
5Q544fKrFoe6tsEbD7S8EmxGTJYAKtTVhAW5Q5pge4j1,CfkPL9Xq4kJRK8uehf1dw8DYwm2rXqaTEa3ka9MuNK78,144636832.91,14.46
GGtNBthsPiFt8f7LTjBr2aycYTZsgaTmDjZsGADzhatP,J4HVngD2yz5wGnKa8hHLbhZsFBSTsHyiuh94Le6H8cN1,16741238.16,1.67
GY8Grp5XWGYdgshCx8UjtMWTSQz1WAD84Y7SyeYES2NP,2HqpU8gND2ufzzn9C1pZc7MPhyTC4EVmc9fbjg87LdRx,12411077.47,1.24
D5fjvNy8anvDfg4QeTNHF3nTgCrvTej2TTih76pHWJnE,BEyMCAocFXxn65DryGW3MDBSxX2swAFXBtoj9daJGx7J,11240590.34,1.12
FnjmKARGQ3sorfLNzx8AKjLhQiM1U7WGotHxGwdqRe3H,DbmH378KzyVfbf9xLay5syVAJgqrroSCNgkmMhSfChTz,9895743.00,0.99
DXXHqbL8C7deHk655BiURmJLVGzCkhE6xkkE4xj4VJzT,FWXDhGyTpy4xE28vwG5ZdHjhf95ADgBsrm4sgvgSE9SU,9201846.00,0.92
GcbiGxXxCjdXZ4s8xddKCuoNKetiFYvpyVo7TRFaZXZv,CKsbfcbFoFmQAgPdUjBWsKRcWiFAt25xVE3PyvKuBfpp,9175632.00,0.92
2USzGz6VPiLyoudrGHesEzRua5WHcp6zRN9FEw2UU2yd,6i7ECYSKrW4j2oGEi8Wd4LqJdhSLA1zWrxJUfvyBNDWm,9103824.00,0.91
DVvweDBmKbQUPTHa3GKMBUx9zcpW3DxeFxUEdQ5wPsBd,gebjWphMi9GQ1GGLqc8whp5nuCvvTwdTWsuuVs82bsX,9102386.00,0.91
BsKCiaNThpPYCMFDbKENs8qwSVD9hS2iZmTMY8eov6SL,7LqP8eSfJjSnmEmhe2V7njbNVZPKNhioVWTb66NrhZ8H,9092314.00,0.91
5cJpiriKN9qHzdtQ5QkihYDJwNBrbM56cVfG6BoVaFQb,EUdXr3gFJDmePav5xZrWTcHS4joU6y87ArmUv9WHi9pY,9083612.00,0.91
RjGDjLTb9CoBQwye1MK2ZAh8hZvzwtbBWZf3BBZGfGM,AWvhowJbYnzqJtguT1aXYzW61M4bjeSkNifc32SWMh3J,9033612.00,0.90
7RbVARfneSU4x5vakKRb3Cvc9HCCNuZD5ohWQ7UnYGjt,56B9FH3MG2TQU9BL84fDeXTJ4FrbAWX5DXYVxcKb6YzH,9021638.00,0.90
GMxygcwz8HSxLhgY4Pn4eooQoE7aTjSQEDredQrVzirK,6t852e8yGtuBBku6k7jogVKr9ziWxF35jLbsE91yJizM,9000000.00,0.90
89AAbgbkCNDyFP9TKK2AGdTgeVu3G84tGQpxSXcydWaD,5WgLBu76JS3Jnwzd4XYaL83UjM8P5ZMxUmAuoKtYhvZm,8974523.00,0.90
hURBjL84NakdJuNWJHSTmn6nscUwXS4JCgUU5EEH92e,FV8g3jVMhZZdHybMPvj23wLQiFnhXDd7JjLM7XQiqRnT,8932748.00,0.89
ENF2ymbR1s9BxAKpfKswBdXV7HsL4vK9rD5UDAb5FN56,FXJzsNDgsveBX2KvZKWYVASnPAxfnB7ysXJvuCakq29w,8923104.00,0.89
54u7WzSFRoaXQnxdm75U6AdycqR94fb8Yv8vNEUY3mnH,3jhakV7p3f7Moekmu5vbu8ma7FZJUmHYdxyhkUzH6aBC,8817826.52,0.88
57UhPTeif2BwU6N3wXtNmB6iyePMHfCFn3XWq94DJ17G,G1tmzRmtdc5MYKReyXXbv9tT5fVcDVXLrt9Gh2gSbsWx,8742163.00,0.87
EXnEPNQYdhEhAK71ACwpFakpQA7k1qzsJAXNir2RXzjh,DfcH2jHpLoNxdsLwVoSmuaGDNjptKbuJn1HtTJ6EeAQj,8712345.00,0.87
9RddQcE3YMjqVLcEBXveZm6dXuTaEinTDsjzuj45rny7,EN7HEbCskqibVrSaT5TaY9mXqEaUF7MpTj5BtETGnaE1,8539412.00,0.85
9tzAbDwtgZawphbXFJFkSLG1ddiBwhWoVCfavTXUZn8E,5Dqvz2eTXCspeB7jsG2TAJzaUewmiSGHLkDpogVUvDss,8539241.00,0.85
EQRSvcE2yRvL53Z3e4zUJLjoE5CaQaJDCKgapKpXaCFR,8v7QZHSnfWqRkMX4eybnkxEBTaxeGsoLVVCNxsqmhmoX,8485327.00,0.85
Bbeiyk5msyRMrsCDZQ5QPeP7WCr9dya1U88JHyNZAsY,9xRzwaxXoXcpWitkkfn8VCFQUEnugLN562B2Z82e5apr,8472315.00,0.85
64Pw9y7tUPcbEWQqKRYmfcorfsfGM6quPJDnwrrrP9Jv,6GQeWx7p5YqBQkQqF5xZUJraxan3nATKjmcXN1TmmNod,8423961.00,0.84
FnBxSrHfkMjLY7KH7tZMPznHbBJ7ZXc645y829d8AEwZ,23z3CMqUHdXBEbfJsV3eLyUtpGxeRhBuhxm6LAyqAF4V,8310624.00,0.83
7MnMBSjv1T9wFoPoN7twJLkGxi8z8kxAnS8wxNF2Tbm9,9gSNeCL9659SNrjP6nbumeUE2v1mJ21RpBTFyVNSSBJU,8261793.00,0.83
2jhXUMmsxNLW8QFghDTvNeBwU71xUNo5CtdNReUmCZA4,F38xvjDdarmLFdcoJDGtEfieEoQLP31uCFPwDMA1ZdEP,8153647.00,0.82
8Lo5VarNEwnz6DNwpWiipMSAJpW88d8HGcDqUPPkVXfJ,AAvTrSKwtGSeDwbhGYKkje7kuby5QhDVCpADtsTmFhqQ,8123947.00,0.81
281s6iPmia7R93u1Btzu86k7nmDKUCqbgdVFuFEEroMe,FTjcTWMRujwcJ8iHUxEmPY5rCVqg6crjwUmjj98YDPap,8092746.00,0.81
E53KLcUR5dBkJqtDSRMfU1TEqRLuo5vXqr7VnmwU1cqs,9aSDcwUgoFPR6amnAQgEu3Agw5BbxWMkPAimHMCfGjd2,8088319.24,0.81
AxLHKRYHAnpMxk2TDNku6cvra4e63a8zd9BvByorTnhy,6tRE6dSQWA8gT9x6iP77VH9WZ2HxJ85U9tKEbY79s49S,8083612.00,0.81
2NXGoQx2NoUz4HymKG2pjpPn75wFhPqb5WNkYH4ybQ7N,ADrAX95W7jWK613ggDJjKyaWekd8pvwP63cAwJ96RJyx,8045123.00,0.80
HcaUEzc3jMLo2RWjzpXGo1koPauKDtJHouCcTDGN4TnX,7q31AgptSMUUcdCvDW5JLr52FUmQGh7mSmVuoQJxmH6S,8013459.00,0.80
CezJYqWQ8XwRcGwC4DDfAhLKm4uQyMLzdM2ViqhXgnnv,BYPEidBTsfQzxwwbACR4eutQ9ER3zwBnQqVNWKPkgyQd,8000000.00,0.80
BcVbwPDpjs2Dqw1ugB1T3aeC99dGyiT2Z79rgD8sgLKn,9cwZ8pZu9tzywRtwLWS2a66vyWU3SBeUDECXKYiNRH2S,8000000.00,0.80
FsVF4p7oVwzch6KeSuYaaeeyHS6U3ThxEwkF55g76CCR,9238EkgUBLqT7jB7kXYc8tK7zHYysRKaak5qJygz6r2p,8000000.00,0.80
7Jpx6gnWHeE7xcRJKLN75qcQxZMxtPmdMz797S8bUTBm,9ci5vi8oarhLJqn1EgMxhMm2T3p3LKNidF7yR5Q13gB4,7991624.00,0.80
6FAXy7GSDtSGQwNzmUYPjcjtYQLQA6w9Db3QtQboZFkQ,FL6gaqUa1SwN6ZjAZ2d24myBEuudELLqrCRH2rWJt3kx,7983465.00,0.80
BFZek7tUAguQDwStVEGACrapwPUe4cwJs4EYeeBQHK9o,CzgAYSonkrESn5BebSCHM7saxgmHPZk8fNavEF9XrXMx,7976132.00,0.80
7qvq6sWyXm9sh5JVxKicJtcH2uZJELX1PTNhi5HMAbTD,BPa3oCavQi5n66KY4yf93yhKWN2Zr5deT6aoAgHdYbu1,7936518.00,0.79
CMBgBBvYjpmMrP9RrrvKqPYE7npveReeuvf2UqH9C3PN,4qfhT5tFBDCPfgxRjDfCytqJmqYvUw8YjTUAR9wkUk9v,7914650.33,0.79
AUpU8NYtpWExJycHUGUqs8ZT7Q179R5iNh4YMZban51k,3mv7ieGsphQ72jofaxYCqto8b8D989JDM25Ckt843kF2,7902348.00,0.79
GUw5PfcasfBUQyKxp7t1yRuqBuXZxYK766Z6iJCKt6e6,732s1xjafrevaQMZc5G6qtU5v3UgLutk1muMy6HAQAAB,7864523.00,0.79
5gtcfVnNqWfKj6diiMwvUg7neLmkd9MWWkPZun94gJFB,3SytAd8VPKrUbXymugKfJ1dMQ2d2fgdKQMN5GsUjCVFt,7860415.00,0.79
asHYcwpACjKc9TMYoBiirvDhXPUrdYkf7yJ4uq5Myu2,4jcDuRwJ4kDWCD1Y2xsobErKH5NuSGJZmLdMYu6Sziab,7839428.00,0.78
DYrmYSCWg2PKmBiWR8zzWNyxcx6h64Sb47rfxhWcHag8,8WdbAJSgaUKQDoihQQbakRWWbwLH8FtFacFu644hsCh8,7835042.00,0.78
FBGu2YsjE77uJkZQ939y3Lhfe9d5tkCAeWpn4C5QmLfc,HJTLRQpZ7qmxCHQ34BF9GuoY2no6SisNeB2idc66odm2,7802136.00,0.78
F5ZosoPRxjxEBLDnXCY9PP5N61dDp2Xm44FV8PrNtLeE,AjQriJCPTK2SwvjBCcR8TnJedxzPaRpin3YuuAewx8uJ,7783402.00,0.78
6yZaexRwbQKDXHa9ckKzisPXde89SesSdfZAfsE2yBwj,CY9CVsfp9cj5y4yAtXzB32J1hRS59C2VcGvCgsk9z42F,7726523.84,0.77
6ZmLbuW6DPD7riNffhaUwnr1q3wdAmR3GwC77SwZtoQn,GKoo8LUdyEFCeRqYkqwvKycYHXRRG6eZUSTfqv32SYL1,7718423.00,0.77
C1s6dVo8UAouxDkaAa8qfdDKiDYeQD1rGu9YPWn6Zok6,DVyhVSHkyVoDxvVHMbas4rAXJkm853n4RiiyxsZCv9hh,7659382.00,0.77
HvVTGg5yjd7ufVVRq8W1Z6CTVGVDYSb7Sazv98Y8Ncxq,3y9dEafBMEgDSU1SwysPJaa98ZJkZRcTet2gKjJVCDBg,7648035.00,0.76
B2i4hEAohqe3oLwQMBLZ1kwb3kRen7N7pFKCMyJp3zHa,BXCifYB3LDhfrwFENq3VP5iMohEZd7kaLNLpHvrsHQyM,7495123.00,0.75
HpE2kc6ryadMNF8j7cULcMEQx3JTv2zwHWxvBjSmHHay,3Gf9t9SUvBP5pdRokvdjTxtYc1CE1HKjec2wudkHihNQ,7430927.00,0.74
FdUp8p7V3F6jdtWdAwoAzE6G1NmDyXnSorkS9XKZxNVx,3vpNbZkRMsm6n53ndbqcMbzLTAgZgexXk8s9GXcH5CR5,7423462.72,0.74
6Wn1a8KwSYSVC5thcqdk7EEtzBjq4gfXBjY8mXmUuGhw,7bBSc1mf5jdsW8jtkeMerLj8j5DnehUPCfNehCAaTR2U,7415458.47,0.74
EodgDa3CpYvhfExhqCP5W7eFPrkKH4q1gsNnZuTTh7i8,9owqCKhnwMgST2dQyV12bWoFszVtFp8heDn5mF7CezQk,7400329.35,0.74
2PXVmgJAabXrNUi19cHt7LV4MfsQZMHtWhCKXKtCQsdX,26ETRUut5ug4QBkfzDxVAXBwjEWF8iE4QLdQfNxnUWYU,7356912.00,0.74
Eq3SyUHkY8W2aKZvB5MfJmatoKDYSbVQsnaoNzoGN4hM,GVXqwq1u7KvnNjAx8HSje1e7WPgqjjWgTT4DjMqA22JL,7356892.00,0.74
EaHvhmqUPApUbgZLZJ8qRFLmJvjyccM8iZwBUobwKtqK,H7jVix2Xe4c4Ssyh4MSfmugGio4kSNgPUknnsfoxMXap,7298406.00,0.73
FhEWzRa1GyBasx6Sib7xGxj6LiEdmf6EU2UFCay32LHF,6WaQjewqPY9iqWZRAaX4G24Y5yL8snBH9aqRDw73nd4T,7295816.00,0.73
FK2iAS6242LZpDrYXm8qbyJN8omLztagzz6sjzxT2ZJ4,AH2nohzympXKxu2fY3AkeXByuAJ3YxemY9etrJPJkeci,7273945.00,0.73
J3cKfqzxS3JnFnYNDw854wgQ9zAFMUcyzgvpDyymcU2h,AsUs3PWkUc4QT6cgDCQ1AEj9sRTnjLqSL6jXXEfEB41L,7253846.00,0.73
7WiUMNLvkyj162P3rsuRvJVbwU2DYyXwE4gpFUjsC2aN,GzPsKDgX3HGhjKDZ1JizqvQ3c6UttufZArxQp2kVyE9H,7238415.00,0.72
HfWaC9GA2j7Pr9KdNGEQGPwgvaoStLGTtg3dDabeWfPZ,Fr31b2EWdcjZPQzJ2KjfzFf9eZ8nrvNKJvYPqV5F1wop,7194385.00,0.72
5k2PuDWxpFWA7yApgwRhYNmo9ZUJM3tMF5rULkJA9Ujb,qMp7aJ7G99cuLDp2LLkeCzeD6xnFKshmvrmK5bRu2YE,7143958.00,0.71
HSMm52Maphnz9zywzKex72sdNnkfZCmHM27ZsAEH1BgG,4VnX99yMsUf8aEFb3SVkAFQGp7ui7DCBZXWHbAWDVtgV,7140928.00,0.71
4cdJ2TzrCNvv7vRVBebAggAyUSVuoZKqpH9zcdYPvbBe,GsezPwHFDaVWCmyG2BZs3EPgSAQXbRbuNVwmg2WqWNrw,7138941.00,0.71
DhR3pEN5WfH6djt9y5kKDk9QSTszWgfK9MGGQD5eAiWo,GaUv17FJMV3YAEmwZkgJG8UZLFz1S4ULZ6FNPWGLaN1c,7029482.00,0.70
7HNzdUzUcbw2d7QkhJ5f1B7aNfLDVmFsEZRNTn5ymbfK,Fcnfnkmp5JaEPVJFN8qz39UM2EPxBrkQkaRGNSj37bxq,6748274.15,0.67
7V7PgXNKkRnN87f6Y5Xi4WUEsrkubzRqUZjAK79YDm4m,Fey8GrCcTpv2SgcQTJLf3vjQrAWvFqLMpQbdXovVwLoj,6594832.00,0.66
4jju1x9nMFM7K564sAnHFZ7sHeHqnvK4KUPbqgnc1rb2,Bz5z3ch1Rhmt1Vs9jD1eMoqWDe8Jk5CFmkgES7d4Gp35,5744710.84,0.57
AEn6gKNSSppqvn293tWMbNmDrCABh9DadWetUALMnMuR,8MmtYvH3naCiL2jmxuKEZv6eCRtkeiBFpf3DZsYCRQCr,5442992.17,0.54
Ay7EGgj944kMeaV1oZCDYqGKSpgiXdJDvALiC9THVS41,CUMe8SR8h4MxEQYc9ycdkkqTYBJDYRwfh39UxBahLqKG,5431985.00,0.54
3cPswmbMHdRA6q5KwgYBzPbS3TckJL648wGwcy8jqHMd,7ouUmfM7mg9ic5BJYHxBLsp8ECNDbyZcEuTvRqN85NaZ,5015596.78,0.50
36NtgzTxFqHKgpmLdn2uBMzwBoPG1y4qTTYmh3vAQfkJ,6mbGpFvrwxJgzkEA5vz7CXFAsgLSwRFN9HvM5CAraX4L,4611942.70,0.46
Gz28YLJwqrhs1vjPyGAPkjoB3M9NxbyC5PKALAqQbHbH,CEXpxPPNAACJo8LYEkVD2jAWbfkje8SD2WpCgjtvnabb,4483808.74,0.45
8ht4Rp9Xbs7EAfdKvWcZojVaEkJsi99BnB9c5jEHEJ4L,424mY1g3cnDrfxY68imqrSZ6tTuxQeCBUDHxifHCvBZx,4249240.97,0.42
8Mhjou7gLvNaJgHTM8AkKvRaR9hR9n2bWmBFxww57BE5,FbwQf8QdH2BbevrNXEtuNqPRmRECt63mTAgJdWsXQtEy,4232176.78,0.42
5Ucg6ezHKC22XQkEe7z45hSdWi39vPwupHeQY6PL9avj,7byqPr3hK2BnadWASYp5FcAtx5NrAjrsg1EejKDZ9y9c,4127698.18,0.41
4rrd62fAGezmrdEdEQ8Y3qvmw1wW6suZQLBH9rvXKqDo,A75pSZBDt5QuL8ynNpNVS8ZmhR4dUqRQoy3jDLw3Sc2j,3777548.75,0.38
AVW8dbXiKAwyzh9e6pa3XakaXpwu8VMYaosGDD3BTCQW,Bq7QWuBfx33TCcCsVJvb5kd7H3CNd6z4YYKBUcahKAns,3440290.63,0.34
6NCLdiHxDA51g3xsJcsayLWZT467RzETokw28GN9N23h,EDaNWYb6EzWVD2bQFLyGNEVc2hGJsbFiy5j5xEVwiMQq,3405246.97,0.34
Ajus7WzRQ6tMkEkautuSbSsmiPapFHFkqbGojuu6vGzo,9FziJpUNRsk2JQFZ7JBz7fDjrw3FqivhHvi29YvgrBJL,3395223.11,0.34
DoHf4zxsDUXVgSNy3oQXcb3t4ZHkb39sQMNfxfGFJAP7,2YtPUncjwiLgH7kwZNW9pCfb4jkD86awYxX1wtAm3W5f,3383201.08,0.34
GXmuWYVmgr6mU7ZkAa4LeaBneUSzwJ5grpbCVYUkShxo,8a38MXZfrg3CQTgoJ2YwXoDNpkqFWZSM9frcdQsio1C9,3261036.59,0.33
J8YSCSNYsvJyzgK4ADTzcGmpuUKxBgHYxyQ5pFoyE7PM,HZc9RieyzjKif48hswmDVzRZFsusoCQrLih96SJL1LF8,3102215.53,0.31
8ehupp2748QhwXbX9PLxGzEEwSLrnaqCVLCx59UYvduC,TDaNXtDXDCi59isksxqvi56iARhaBC42pkQfpCb375s,3002097.38,0.30
DwmJ4D9NcdyqXbgxFt1PYWuU3myYZSoG3f9GEjpctFnV,Au7hHWtpBWW1dHW5ZSp8dJR5eoXppGpdwDJm6Cgr8TN7,2969860.43,0.30
4XZBzazZiG3zfK37ixHLP1bcstPFucmAYt9o322va5up,8Bkp9yjMuebKi5Wg6cN2Z8SZfo7fhFYC51qTFrYnkUk9,2771543.26,0.28
H77Aqq8rtf2dEbbpZe57v5Gbk1fByXrnWrHnQ5G46bXT,ApMoYPyQhRwGM7BXp3zir7pidb1wJqCTzDiFBQqFGQAj,2707501.42,0.27
2EostLK3xfEL6giExd5gNedXy6VM8w6HH9CnMfVUQdE5,AqkgYWJdwKA23kw2sn2jb2wxJ7dbFXWC2n8ormznRs6q,2508382.93,0.25
Ct5rEJWUrGcphHHKZU55rLz7smagUGQK5332hnQidswW,HSx1LAbipw8ECN82VhcfNGpmoENCVzcncS9eVNmFoX9Z,2474307.48,0.25
AAG6wEqN4yUVMBEWvv1uDndJHBR8Vjg87BffuZYQ8VzA,CPQ9bfMfJLjMavL6Q9tBiqDRmiwvJeu85Vu38b1TpTeL,2466269.02,0.25
GQU465NTnFbzuoPJm62yoDsRePd5tG4StWW4nGbdXvvS,7bi3nAVAZnC61oaJ7VGjAVJ5U2ffcW5ju9oy8dkGGq2W,2364131.80,0.24
4NGEEQBR4NtpwvGRUNNXYCimZCCqJry7ZqFmzofteqNk,5Qgdum3e2aXHBr9dK4TBtJ2HQb6diTiJoXnGwY4EYQRm,2363680.67,0.24
8idNsaxhUvuDPuo9qyTFUKSVgUYH7X2d6NxsJykZ4BJS,HgFqDwBSDBRKnFGm5cRDyFPUvWLvzxAxE4a9nrkmNKu1,2337745.96,0.23
CVxSAMz5s8XKPFfHCUc6wCiKmikaxVNGmivC1SWrrzzx,Fjx1s8vDkPJqUPDETFJC3vrL9nQ3jWFdWdxrgas65KvN,2311375.06,0.23
6CXcyvYTu2NYrpqpcPKXNAYFarDUmH5PRVTpa81dkpjT,AaPwXnYWub6ERJVb9GhZ5RX6KY82Yc8gZkUSf8uw488g,2272850.49,0.23
BxLxvCmL4ZpCKo66WvbQEAnrakojwpr7bi5aaXW433Nk,2TGoY4z7gdnJUBNEjjnfhdtRQCUXiHYC6diTY6ikMTAs,2272731.34,0.23
3aLEkHvEaaqvUZ71ZYWd99FNU9uFtTMTaTw5FQuyH29V,GkqewFbVrMTH1FiBKTRnKGuqcxjYVs6oEzYb6f6obRDr,2259907.11,0.23
H4gJ324jgvBweuzQRs822ZxSVEVo3mEG7gZepBaouuwm,Y9XKdFnFpMK8KLB5RBUq9kVGRDch9j4Pf2VFhXf9TW1,2130876.89,0.21
CPep14XgaDDNRMnP8ZjHVkvkhZPasRNYFEtDHvDpvnjR,HmVVPSoD6s67XtSCv9UxjXyJzCJs8bfHU57PdVuHmNPo,2079361.16,0.21
7jmXkbWJZUna8MYjWqFxBrRCkJu6pTwdMytRong2EzQ5,5TnpuyVTEE7jTRxo4bTiJ3TpuEZjwd696s6s6saicWXs,2058501.03,0.21
8EPHv234qXnBdhNJZKKjtANxsMWixz3ZdKrb2WaRxhNr,4JrPonu7wum2DRH3JmHXD7fD77KJ5dukCJd3ZXQbwHNM,2005299.46,0.20
Cme7hhf6JqtzcyaneWxqV8o9BomTyMBfQjKiQ6y1iU39,HTXEsCU38MVf9pxd5DfWckUDbCGjoYxUcGZ9WDELhtMX,1986981.85,0.20
AtTjQKXo1CYTa2MuxPARtr382ZyhPU5YX4wMMpvaa1oy,8KSmBHiXCK4tP1vaJ759Fe6r22RQcZWBMVbtHKeBDxZD,1980603.93,0.20
SDFtUTStUtuMeREE349PXR3QijQuyu736Vg3PSGhGE4,F2RbnMp1urGGj1UTwSy3JHDkVZH1kQY7RtbxkGF5L7be,1883880.92,0.19
7ULGqkRwaD6oZdHVLiu85ueHRS4gjQr6o614JB7zjkoN,8mNF5pGQzMm8q1MkcUEuxhDjTxXG3NUWyhpp4UrW88SL,1792792.33,0.18
FLc4VynxAfWCSWDMzRbLPcEbQAUJf91pHoqPm6dThSq6,ousL7H8xGY5NLKmQmP73fuS8PgJZyshgiVFLpLqQzLY,1785154.86,0.18
44gezT5gaKLzVLoNytFe63Lcw3hjdEHVSuRD6qCm2CBi,8183cY2W6qVLyqQm4bNr9tqZBwcDwp5GiTtWucfReK5D,1777309.30,0.18
4suW6eC1veivTgbhQ7bi8azCdaAVFZ8iueHvhdQrv31n,CDFSi1Rm2JMra4y5BiBtamP5ifeHSAjFwbvR228zWYjU,1723140.69,0.17
D26CA8cinPWhjfaUq9W8Di8tAsjL9B5Gm4bycqZBM5dZ,GGpLnUZewNWsgstmyyErHhhvqgFH8Y1tLWenCdp5gBB7,1712005.09,0.17
6sEgZvcjZTQu4W8vaJYt7gLzvfVxBE4imEFCP58P8FeX,CFLDg1NjYYR8zdQscXcyeKfhdzZRJ4irnJuf8efocB7N,1694918.59,0.17
7E4hW4ehA6P5m75PFBevj7mW66U72PnzWqUCfqy1JcwE,72Y3Bq6Jaa1ynFqbG9rXSA1NcG2z3tb9BTqPGqYQFr79,1690157.15,0.17
4Ah5NtMPbX8vaVkmzePQTmoE3568ghAP1xJtaJ1JhUvN,EESqzetojQvqpvu1SQZgWyUZrKp1tz6V2VfCr3a4n1Kj,1643519.60,0.16
6mDXYQXqPqzeHZ1sMScmukDbajbGFBCFDPbsUH3DRSk3,2M9SiyN8sRTMdTVL5o1bySZEVzVmFhLNZUNLKPMyRR9V,1618254.71,0.16
62LQpPnQtCjpMfHGaem2BfR3h3VHxKjhNZZkJD5jv1em,ToWURfrQSPSdKvDR9L7tsmhdaeFCyNBcftkaMXoY4iN,1549751.38,0.15
7aPTbW6wpMyfCBzZUP7uPn4Pv6UUWzhGKi2nkVr9UQ6z,hJkQFCjy28knrEJnm6vBsM6i5gDwXLsNUqY7Npu7oRs,1479842.41,0.15
5kVnQuymc4FLHjvy1pWZUJc7EEGjeezo4amwizUzo3YF,FGhSCBwY4iwtDPbmBR3Mt4Q3LHeydq91EucTHRBz1ZAd,1447081.85,0.14
EobnGera9wJ1WSriqpB1kAQH4v6xNsTMWF7dtQ5nfgK1,8698ZYRWmmMwFGUHLsf3bENUbhpn1zefGjUjgRSBoUhG,1423934.83,0.14
HcMmu9oiZWM3oba4ftnwZLR53egvPBwvm53jBKj31SKj,9RAVLofpdfohorMXRsfVgRG3PKaBJMQjRQbUwJNp84zk,1408756.99,0.14
Cd5uveQFQiAeKXti3tz3ghuZpRdxAaFeeQ92p3FSTGEk,DLVkLogSdYBttQdHb2PY3mfmbzXRZaLiCLCPKDewuAbo,1404380.59,0.14
Ac9gVMjz3iZwvA4L1mzexwjF55GMfp1ZeD2rSiUqGAzn,8fuZdUEEntHun4fDk6y7xFZaKuxW3aLvsRMx9A7jUjQT,1402259.74,0.14
BQ2dGGR8oztHmUBoukcrfA33pATW7vuo3GcJhj7SpJgx,3pM4gxNj2ZygimN66io5RmJjTr7hBkrSVENLMreAkm1t,1327452.96,0.13
8fefN6UfdtVPxRCzgPdnTct2duAbVuoMFbyyeRfNyzTv,GhA8vaJcTipbB9E8hKW1FXrjf6Pi37QTb3AAQeeCJWJD,1311480.45,0.13
4SunWHKptNjm6AnPg6ThgzBb71VPj1EQGJXWCY8fHkYN,3x8MXPm1dhZhqQAhYfYMeqm57Kv1G6QSnhCtupR3AA4s,1299711.97,0.13
6XPvXHcbDW1GBYenRfJJzjccwo5cjnmftJ8G3xgbncgW,AB23epRfukPKRNhSnBiLR6w7fosmFY5kjh9cUmgZYNRK,1281814.66,0.13
BwPQagANnDxEVtmTgbY61pcvop8RSbUtciYXYYQXSVWw,9nK721vgNNE7DugzniRcQC7gn8Sz9rTRTYoAq7ay8nwS,1268025.63,0.13
8KavLwujpLbbxvhWRBUAaTwcKfddNQXkrNTU3augVpbv,3s95bVuDbP61a9zLYR9bF7aGtpwwnJVzbBiK2t1TkpEM,1258297.68,0.13
DUTJKJNdvGe1QpC6e8R3rXnq68xj7qabLorg3ss9YeqY,4HLnWGKpqrdi2y6ifKCdeAZ2VBS68vUXne3j7i62isLa,1247851.19,0.12
3YQRGknDT8aZuXdhnY2FW9QCk36CLQwX1t2U2Pr7J8BD,AedL5EmrPw69FGgfcoxY2bWzg5yZ4sNLZZjqc674Reem,1241877.83,0.12
3Erkqq2WivwBgoXLinus3M6H4V5BaNx6FBT5n25TVA8E,9Au3YgiWAQPAhog1rZpbcPoXyBErbULisAzmka65vLAy,1228966.80,0.12
F1dkCFkNv6GhUk3zagQxF9afTQFJuTRpxwHCW5njuh8M,J5oPVUf3YRF4aFh3mmSfcBWVkhGgAEqCejwFGUMLZyNQ,1218842.79,0.12
Gz7mynfk5xCacgnvTKT8yEcTiLQHS188iKsSDwcqe6SQ,4RU7YHTvMiiXBHsTtfaNPuP48iTiEWQDHMK6NXNAs7wq,1218084.47,0.12
6UdUCJjLVg4tMuYAMi8qgfNyAo9MLPJatFpHLQUBu8EM,G8gkbWfUAvRzwyvhJQ37NfjcybbN41UrkRUYwnBReVH2,1174253.78,0.12
4vjoBRr6vG4zj7iVGNe1PXWnV2bQNP4sgF1RdWfULjmR,GuSoXBJAL3SUawKgBUnXgwKwKVgEbjeSPSMDHQfH2qVo,1153783.93,0.12
3ij33KTRgnHd3MFCrrnfBnMeTBc52G5MiBsEMsYKsQR3,359FANY4tnw2FAuouJRLVc1kjeUXjoiRLSJKKHX4qA6S,1143384.63,0.11
GL4weZZbnK4H2bQq1rUkDavgYUEtpEsMw76Zj7Xnyduv,J8BduyN92UcGSHnhC7NAoqhFw3bV5FWK753sZApZvR9x,1134393.68,0.11
7dpDXRF6eA2m9SAqFcSp2WxjshUoTa9qiSsF17mSHjXK,Fp1AZZj7btoVJkUkzBRPVUkBDRFnat9MqcSEXtziZdCz,1128507.23,0.11
CwKK72yMaEXjMz7yd7zSC2HLYUFWfrHjPcMkhHFyBs36,CSHJn6t1DiVY6MENSYc27RBXiH3CEWaQC1fjzfRaAmLW,1118624.43,0.11
CqejK5fptiQNHBg6uCvztaZRPKFuDUWwAearAS1PuGd,2XexjZeSyPNWBJs2qQJ5aQvoDjgCekwj6DuYnEKcZ1An,1116928.19,0.11
474bYhP31k9RHxKp5Uj4CeCbjgeQe6X1aoMLJF1BNsQi,BS2BjB1ZHGzr52Bv3Gp87e4vWmaCTdt9DeVuN9LZGXTE,1097419.67,0.11
7ri5TARkcJ4izYTygyqxs67paZE33p2zLBWFc8Mo4xj6,7bpShNuMvDkotXKE7kpEFg5SFmE2ZRz3gHV5toLZjRH6,1047164.38,0.10
6LWenSKG4EBNwLZheBMzJoBbeh4ux3cfcdttHkC66V6N,9y23GW87U7Pg5TXyJWuQfNfp8dzTeC2hcHUFDzmfWkAw,1021942.86,0.10
8o6XxDBD8JRpRkNhKUrrP9SuEQsZsMHkVitGfgsgursY,A47p8SWPkJVDuzkFjGyCbxTuCg29Q4PsgtnWbbLeiySL,1015607.00,0.10
46C92rDyrgtHvYVeZStowJBKY515AB469AoFJ1dVqrdR,EVbXrAA5SzpwSNLT8edjeo9SHjKfM9KkDVfijp2eREVo,1013161.20,0.10
9H7jZ51YsnYUCyzMQeWEjR3HvAhYpPmnCJ1AHJkktwvQ,3ofL1wGhuXXBuhQX5gh3w9fekbgsW43BjkszatHAMMYh,992339.72,0.10
E48JiZ7Q8XL2zLLLjz2LQmdbBxZwqiGkyzUV5bieFAYW,HJ6keEj2FDcyM2tguWBYDji9vo5DWwHwBoX1KURbNa1C,955285.04,0.10
7CvnG2pvTPqYYoe6Sms3mRHSx7dogscy1LJNLYLG4vdJ,4cb8UX2tFnjzwj1WSuYvN8ktreg2Q4zNDhxbV6skB1Ld,909066.69,0.09
BiNDUh68wFjapaTHsjSRLQGuLZVQTsq74gBu1396PEj5,88n4yS9mDvVZvxhpRgTRpAinpXtk2eM33qX45voXF2fi,899831.87,0.09
3jpfrjeXD1g3oRJr7o2V377jeGRRqSLWSwW9JN9yZZ8M,DZLsvkJ3yACjRjZfSGcMtunKWvP6CBzh5qBXFFHfRoAi,895260.70,0.09
BCU31RaGskoNBcau14kXHLVokUQhVaHptYU9h5dLgLCv,BLHKNXGeytGEnEnZh8sFHx4yiqRrw5tHW48YCc2HRDZJ,890391.58,0.09
DY4Nidf5BudsHF3dBwuGnihqjo4GassNG2mME3u18hmM,9E1ZN52LMufzxJyPdm134nDhoLVn3YrKHknQexjmqr5P,883914.64,0.09
MYYCEe58qY5dGhqQNNvkv5brNZtoSbxQEcnmmRuvKAy,2D7e6SSyEAS9461b1FNLZCEVyhZj6AotEAVPo2h26Nyx,873719.33,0.09
7PjAwJr3S9FB1Sz6U69kSqRJ5VS3Qghtq2uGGpyFPRCH,Fvnoaep4Jqk9rSAsHgdDqx5sqPWRWoVWRTkHFd6DULGt,866742.69,0.09
E11sSEYkPXL1qH1kTxsCwrFJjAWGPd5k8kScFgvRwymX,H5okzGNw9Kf3WkgmiSuwM4rxCaTkz6EY49BEQW9KuzM6,862656.06,0.09
wstrN3iBRwW5neruY4UFr5tnAuuphJWpQwT9jhZsKM9,EN82qf4qKJ44r4x5UzH7GG5xhFR9HrQCBYdz4uoawLxW,858704.66,0.09
6RVDpL2XSs61PRDLwePFBh9wWxfoC3o1EXfSw2Y6SwUN,3r4wALCetQF9D8KQjMHBcHunQU3b1P14psNfcAtzaJe1,838443.20,0.08
HMVudr5iscVn7LNZ8rhVQrNdtb9VFtMoW3nbvfNjsSmV,5Aq9xFuC5ah8ss9b6SRNdbcesQ3wEDeQ6ad46wCvXXwv,793009.95,0.08
CUVxcLddo83BYuZmKcJBwQGJJn3CKJaFrPB1ubX4u3AR,S3SkrHhy7HRfg7w1NT91aYGQ4ZvmRMk33az2mZ9twov,754605.84,0.08
761SrxsJkyL6zL2E1BqZ1mcJykfNKFaQA5rNiAGBZrWm,GDRRVdAAUZp1eySN6BwkuXZ3uDgaQKQYP8gzcDQ5WGAW,689477.80,0.07
E6MYYuPW1vnWMvvVJpbAsSD2NkF48EaUWsHAaMkRhHNM,21xpcRjomsqa2EpqRaeBUCgE6sjoc4ik2rFTfSRer3UX,680942.08,0.07
85WZEanGpZRYm2BQ496Lqub1g4cNZmoeyVXSWmTGc7fD,AA5nNkHxVCKz6ddVHXXX7frEuKobW28E1RayAhGm4H9T,675852.05,0.07
GTsJRUhdFEk8CB4KxzM6WKgnAZu9f7gggzAZGHfgPY3r,DkvkYPjuZ85L5NMPirVgSTyiYRzbrAyxZDsQdG6dw1fH,673729.65,0.07
HtdkgpqrLv1CUVvK3DDdLepeyXWrewdUvVUfHmUc2vQ4,CfJD565g5KKY8XNFuxkB2Ymi9TsfHos6Rc7tfjKGDHzD,651951.69,0.07
6VhC3uc6KagCkYF5uSTHP32y1qiLyJ5bXFGLC1dzn4v6,FoTow5Mr6FtdtNZjS6AQzxXG2ZRjeiTDbJnTdLZz9rrm,646157.35,0.06
6zMWAkzWbbvP5FjurQLZBjiXko6QRDC12CrdhYEDuroq,7ek6A43rtUZSSvxa9typyWPbAyQewdZnjm9ruAvPY4oL,638967.14,0.06
7NHrF7XpNvZPw3PbfuP9rAZemxuwQXnm74N5iLYWUyMK,7cMvLwcCVHhGGzjtoH4RFH9r7GUtJpUE4gzv8cNb99ho,630266.98,0.06
2m5nrot2kyD1bjt6FAt6Eq52Pv1NEqL7GUm8hvPDRPNC,4AJvEreWmqU7EzER3zDQmXfbDpRD3VCQBBbsgceKrMSM,623858.61,0.06
DTuzLjZmV6VSw1ZRRqBvybSgDo3ghTPQnVxBHHfdHXtv,9eyVWdt1ddxDPnPKKdDuLtTGAgBeBQ6kyqdufPDYCNtC,617429.58,0.06
EYA2ktdUaquDKm8jqWM3oVYYGr3Kk4WpyZWvCqbQNQVD,2fPDRzseHd3R2ivAJkRLLHkscajQJ2GTDt2f4TnoaV13,609870.71,0.06
HzbUkA3oihYVD97Jm3ox7K3Qw6wLNBADtRiQ4JCfSJyv,ELfXS2ZmcDkBTink421VbX1ZLSp25V3Yrynumv4x6YRZ,609613.77,0.06
Gk5BknLxYcP5a5b71NR75ngvrCiNeyiKtopSXB9jo8tH,Ewe8o4YtxFWeCU7iWpvJCZuGH8c3KZeWgGaHsHP8Jn6,606322.94,0.06
HkZY57geqBLChffrnpzzy2s2D4a2Wp3CbbBtvx9GuS6o,F3GCSQmr9TtAV4m6dREe1rP5tbPhWYsmFoTKgkiTMgmF,602527.72,0.06
EjLGXrLoD6GB5eWaHBXngUcwP3yvqyBKcqAouhxSo2Q,G5p8SNLYtmYDKGisb4MLX72A76sJuZcphHyCmpU9EK4n,598740.68,0.06
3aDyx232vRmDPgGFX7JkQNqgXvpZ8DGpF2ai2DCrkGGY,6MhrNEjaWotkdowhR1u2SC9jEVxUikJ9UjGmneb6AALK,590079.07,0.06
DwJjGQuVKrDVV6KpJ4GE8UmFPZZhokQWruzRGP83ZRGt,6c1vyUojifeG9qWSmWYW7hjbPCENMWwAd2WP7dviPXZ1,579283.14,0.06
HkTHDFEkMKUFMkVQwyfZ9PLdEBdT6yqKWMSRTni1Z81m,6CAVciYE8QTCbfbjAGZdpWVhMzVaGBf5uDaoXGKkf4qT,578806.22,0.06
2mx7f8kEvYyxqPrgXF43mDVRfvFXLyo4swWHegXZbke7,FVGECE33UPmQJG5txwNb6dU7b9La32xktj7dZ3enVwZq,575471.95,0.06
ER3BydzFbukv3ASAD1prNHceLNGcuifbRCNN59sFqsgM,8Ycit7rnzhep9h7xjkjHEZ4g5HJ1M6xKjZ2Ear2xoimP,567781.68,0.06
4pkVQfCu6pZLm7KSCw2q3JptJ8sH2CVkHsUeyGV7kD6H,EjWwbSRxSSDLgDkdBCFPpUyQ8gksVCQyVSDW5hxgu56A,565869.12,0.06
8w2xGUXREBi7ggo1DJ8xEfFWNrdztXErusHQs18wC4Ct,6X9JeVLNANk6wgPzvqF21wnDXmFyQXp7aUXvseYbUxuQ,562784.47,0.06
7oDfJdympCPMEYjVLQwcwavHcfeuHhqkgmUmigeikNg,HHN7gKGK9hwdQQAYDkaxDQwJZXDHnXvFv4iJBybECVbq,554680.67,0.06
BukdCViFPVvuBNaGx2pwpy6Ui9CLKUnapfWzCgiNfrVH,5N7w4EffnWRy3Mxvzwty5srWTDbLpKteqSX7yUi37gqW,554389.38,0.06
5dk7n1u4aHQUASxtJ6YWfjDpa7TPbz9pUjpyykBBqTxq,5DHC1TvMTFvsKxTC9fdkJRT2Q5wSZrxT9xYMkvVVZs7y,554366.00,0.06
FqFcTd6RsjUq6mvEex4DKvQKktfdnRhphiBAcmRYSM6a,HL1aoX2juHdx9qC1aoodY5DtNxxAnbE2ZCRxax1g5wmL,551595.95,0.06
44EbxhwTqo8ZZAzG7fey6DDdRfJCHwSR6ZQDpH83Pt2d,Ekq27GtZR7QVWP8f29ZVNi8nszWRAVjGwsMYPpj1C4CM,549003.14,0.05
Aj5ayHfGrFVWtDczFodZVMiRVC4dDEDiPRcDz77qkngt,4i8GBbGruHjXcGiwrfeG2MX4UW2AUr1vSxjUtdmpf8of,543573.14,0.05
9YUvMYbWafJM6bMzgUBzPNJHxcrZR4uhV4CnMQTVs8i7,Hn83hj5eM3p1c2TSCH77WwJpJ5NKyStAFvH6aR8xdgcu,534841.75,0.05
EFeEkP88j3D7z2Bh1CxnD8KY5gBgd8qsdA6tdv6n4X8q,H6ygSt3RjLEQtvsjWePPDc8YiKx7ML146suLMLbX8why,516147.76,0.05
2nsB2dY7zJ9dVZKDMkfsbHWrdeCh1gDmVNM9mPs5T7RU,8sePyN3NSw9dmFNreoKDg3HU67RwXS5GZg3DWyPXipgj,515745.59,0.05
2YbtncJmbeiMaMYkZK7NBqEkFAhd4WZXxKGPZp6mMJ7o,8tNfXxypPBK43dbiS2SHWZWD34wWDN1wq4nkeiuj8Wu6,513857.97,0.05
FsoqnGDqtr19kb9pn2e6Q55pDfi59KC9k1z4VoWmwvZv,Auk1TKnMPUFUkwr172LkMBGV2AoXFmddTaghGT9kvvXu,511365.20,0.05
CjAM4sbr9e5qoLtQrXnVMkuaTs4e7QusRsKF8jmsZmMH,9wtFcwjJ3z893fg4JawNSE9Dc1eryx9AjfCaVsnKxDU9,495380.93,0.05
DLPLbFC2g475SKp1VBzcU7bFzB6Mibi2qu9sNTVnCMtB,Acf13CyYknxj8PyzEY3n5S9zWVyykWn3pewoeXCTpU94,492667.11,0.05
BnW4MEg1rchc2AdUbv1RGZHnn5GtyYt4Z9Uki1LWwSQk,5JmHwybCuBTeTyqfP8fBJhAKAQAoKiwwktH8uRADnCXb,489654.18,0.05
2vx8cqT1WQxMQEBmkfqDLXqf4C3SQ9ngTyg2DGn7fRum,HYjRSD5a7EMvjY9AJhgM7QDkXWxoSh5Mh54XoSN7HizM,481469.20,0.05
CiGaaA1x2A1d8a6EtAkXwMNr82AGWsYp9uGMgBPBUBj5,EYfF1x2jnmoBbQWAjtUeBut2PewpKFexa5q3BFAhkWTG,481317.39,0.05
8cagFWpsUXNrMwCK5n469TKBvMDjhNrtq8ZYJkHngemb,2ewoL9RSGsGr6oT3Q4kBf4x8vMwV9pzjFo4T9euP8ARw,481182.23,0.05
s27Ky1cUyi7eASbcMJTNFh381yZT5SSQt8RsPUzrz9A,heYheX7QRVoPpqFq2LLHaVhDkFCUw9kyYwXBacJfhHz,478721.33,0.05
A8ZiYcfoESMAh7maacZoGJ7KSpz4SKkiho18atDwFSS7,4r9K39h2ttBG9t1q9HWSaqAw2r81RU5mTqj22qAowo5k,469472.47,0.05
3Pp4D3Er1j26SEA67FEVGvnkLDN85A5R7hK9ZmERXbrn,AfdDw1dkkp8Hny99oRTfFgUo187ybLwegwy3Cioeij8t,458871.90,0.05
GpFw1gyEjYveYDzF6cShvMmdteApTL39paV8F3N3EJXf,6sQ39EmJ8zUKD4DPZ6Vxe52oxxne1kxUCMPtFs8jEtiH,455025.82,0.05
BM66gmPqhHwyAUBSLySxWAP8WDJUTiporCVEZEapH6Mr,AjWKVQxBk94KZkCmY5zjDMGPF8Gpza5grepSm3BK6tWc,453992.50,0.05
5c5EJtMdm9PQLgroQi6z3e414hk9Reew8ZZxF2v8cFCU,iUYEBZqb8jJsqVjPukAd5Kbmqmsbne8nHCRPJAjYfqX,453522.45,0.05
Hqq6yusxaX65Nvsmh4a3X1K9PAjwuDKgDHmUeWFsstut,J8fJbkbMnLBRgmPVoQg8umvFCEGiNRyqoMAGFuSFDkpV,448839.19,0.04
563LPaFyLFqi6F3f86fvUt9dmn7Sj37H3uyfLcgt9Fyz,FfgSGu8ShiwPcML6ydYxZr94W41Gzv99dwejATPJBbKy,448578.67,0.04
G3tRrYxY7V7poWVfaRc2Jo36putKQp7SpqyUTpAQ2mqe,8utHMLDBSEgCnfGPjsvXWhWa1k3hrcbDA8dqBcKEP9qk,445434.37,0.04
ARBptBA6mc15LANwbvyC7gz7jyaxgFwvRTVxTAoFhFPW,9gp3NWzyftnM8Pn82eDgYhXbXiBusDv11QweKCf7RjyL,443550.89,0.04
7D5gt6wxRbuAKPrh8W9GUaPeYZACogdAaeNxtzGT6ucg,Bnku5YXHqazzbVV4iMtB7BCXaeLFC3aqXUvPjdTXmLgd,441732.99,0.04
DWsd44fhT7kiQjH8CnzqQDye5wXThrS8wyS4uNfNcNLi,AmW1igK7gwi1rKzQPkpwMhJnsc5sCxRoitUADv1vqRqT,438399.83,0.04
9p3ivFSP7sQzrVTpWGNqxdL3ZdFPuKUe5HMP5PRSx68M,F7ufpBosthQgesqmrG31x2rLqyiwN6d5U1Mh8QmtMXN4,435110.59,0.04
tckTs1v4fby48rFTqySWbgefUzU58PaswEVrQWZuCxx,4N8Mu7FSLti8fZ9E6FXxKrBM6iba2JSyDJ6C8JcvivF1,432983.76,0.04
DcrcVuqsNsE9GwnuYH9EvewSR1JLf5NZBhS6Zve1jk1F,FAdhmW3SuSRR2nbsVMED6ZYQJ8FvaMFzBv3NwJEykdmp,431967.81,0.04
8FUo5jX7RSq9UgV9YpsTdR8bWuVHZ8uRh61m6Zadn9Dg,F89N8QwbeDeumanJAjn5qLtEJdMoLmV1zriuCcy3a7aQ,428225.36,0.04
8WNJ1LFXhwVyqzkjD1rK6qo6euiGsyBG4tJD1b9EPxyj,FMJConLSjFL9yA2HJqFGjMT1k9AJimLLmrFBAVeLuhJJ,419783.15,0.04
GA7xVneEhsGapD3S6iEzQBFVmzUFH4kRNYbjFwDsEvfW,2EmKkJroEQLJY6KFC6rwxz4H7t8QUA3UbtGWWwAcdpam,414893.74,0.04
HNiShrtqK9M4jxGg15FdmYBZ4kXU7eH3GAhmyJpuNwLf,E8b72frpEkWRGmihkjCXjmfLT9bWLr432KUNcLfz4TSp,411308.31,0.04
ATi9tsrktPt3uoHUjENCFwwrxwnQmrqvmrwddudgRLwF,7tohoLpKHSE1auccyvidsHy25QNAGjiNip93JzA2TNuU,411153.16,0.04
7qskGugN4azmns8saW3DF81EUTVLVRrme9wnEFMc2S9m,3d9encaPTtGP99cep4gAnDmzTZG5LiseZnArFSQdaw17,407560.35,0.04
5VWT3Tmysm85HJW5XJnKbAznStyND15UG3h24LUUwt78,BvNEQwCb31jfWSPuTwb1Uw9LHf1CR1RtZ75dEEUfCypX,406499.52,0.04
9ce1oEjY4BumdnJBodn2BXe3GUMHFbDqdSAjCkivawuc,7ndaj2fR4tgHt9htxwANmtCdrjHg1i8mWS6axGmMMMuG,401293.33,0.04
BRNZD6g82NqcZipRC6Jzd8YuDoTWbHSUyXoHP8MufMqW,E3iMjaR8i6nUZL6pg3TNZbneXYtv1YvcDJpZaLLA9jRB,399043.47,0.04
2W7deUPs1XRarzsUwGuPqmdMftTCShmeZqSQSY2iA8K3,EZpeQKbHrZDBuK9GBEBmSbY7oiCfU74Ne9jKa51HpMQS,396430.88,0.04
64uyzLZsD1o2gd7Gt91eBivTjrKaNRgMVy8QbbHbWt3w,CZoYTJfJAnPWky62aRbjx64vde2QgMK4iwbxHYzHxRgu,395460.11,0.04
E5frRtCQd5f9grGXnxmifaF8MMCqcygThXbjZ7eKMy7e,7ehwTaFwwmKAa2FUYWrVJt3KR5sEUGaviiaeJDYscFSP,395007.80,0.04
4cFBykq9Sm9L91kniRMFwDP6bsGcSrtCQ2efM2i72PKN,CB3AjHJDc1KdWhPy5VH5Vj5SFvnNSYA4DGCFayWnsRtF,381208.16,0.04
C6nrDtj1vrrWH9YU4VvTBnd7VxMsfaGTkG4ikwokomnU,FiHemcZmzcJu1uqRBXuDJCacC922xdL2TZcpkDBsVbKx,378043.82,0.04
AweJK6HM9rXHoA3JmrZ9CrGWHHkEWZycSAsjJQXrGG7g,GJP3nVHpVocqgKomt2Mh5x9ce5sd6nLssfWqyiWdnA28,377617.69,0.04
B3nMnyWGQShXUXKVYEpc4ZbpwsspYG9aNYQ92m55g3gZ,9nJmhWQUkH27FhkAAJ7LJQ5mahoeizDUNjJ3EXv3vjdd,375932.34,0.04
DKErnqyJJsnZmXhu7Upeo8xGSRKz5uZRqnMP9iM4eLQL,CGeZyXs8oQyZ8Si9cBrz6gWHMVbaoD1Jiv3r9MQ78iG2,374560.39,0.04
EC8HvKuNGFpp8Nq8o7Ef7qVbXoiWae2vzfzTLq2Acb9Z,Df8ikXycQEkS8QSZotpjyockdQXs46FMKUMBFrVBsCdK,368041.02,0.04
4AaZoXPHZuSh8fyHafVDtHYW7YEpAdPTDPY5cggGBD99,A6mqaNPcpAghvqGMcBc8QNQCT4QsCALkBhFF3ZW2CTF1,361936.51,0.04
FNnHAvUiHQrxEv5TYuP4NGeNei6cpBNoN79Cx5nMxu7D,DschHABgVc556mAxYzXGNtHD6iV6sgXCV7TvLeq8o3yh,356448.25,0.04
6AMaMQbugzorH4xXcuGCqzExQrLVwPisQkbRRE8HhqLn,6iZDWir4E9NGvNsXWeVTzr2N5DSBYW6gpaHB665taJ4W,353543.95,0.04
1EAMSBfET47CR5VmXhbM85zgFQEYVtusGe8R25j6uso,DwZjwtznwk3mbhbjBm1KFMtj2zYhmhdjK2n5ubTWVZA9,349777.43,0.03
6728bZjGCxBfGK7fo95irEWG62TAegTV9zH12oPdV4W4,CVput9uXqFU7JcEAfubwm49knaZpTUMD5KwLMHSoPWg9,346058.90,0.03
2ot56iTBSiJUs4YX5pTVDi65bbcZ2ac3aGVzu128ryPx,HZEgH9nMMNBLT5uuGDJ61kmtvMNWb3s4QDrtBRvTK5t6,344677.49,0.03
7XTWjn3eWcbJuHVoMTyGjkuob287YXqRozY39fiutg6J,DyN3cK5fbm2sroKPJQsxVbXxEwRQt13wF3Vpcn4Yp3fd,344093.90,0.03
7VkLao77zML18EK7uWN1G9Qp2oYVkJAFK3uPYGtj7xFo,2xV8isueJmhuNTaDFjeBKtcA9venRGYJH9foUke7wtwA,343181.14,0.03
32wa1nscX2QSrVKzDVcUpQfxmir8kHPFTYGgN6k9f1qn,GURUyHksBUmYN1PjgnEXrycUwJ4J1A15USzGPSkzyZBa,339305.88,0.03
5AF8ZSCMSfkw7bcQa1bcSjfS1RASyPqNRybCxkdDp6FW,GKzMwd5qBzX6xymQXChT2t1BWRzP4coaMQXQLBEB2izD,336362.09,0.03
E3eocYjywLznBvgXfRXwfaW6k7x6kWHdeotnhz9RvGvG,9XP5qdm1Tuut7edh1iRT5vdQ9xjNdFVgoWqDi5uzVKv9,329240.07,0.03
DGKBcgcSPrZYu4g1YxEFHvJhunToL5UD1X2ULc1LJaXM,6DdoLCgkQ9NZTF7yiPHPFvVtp9vqDRLxPK1U5AVTmRmf,323953.49,0.03
3qFsL9mhbtp6DjmdzLSXZjvYzSoMuYH7MvEXygsfG71E,GFAkzTiUfsahqsNP3V2dY9ssitqNKYepQJ7SG1sK4Swm,322338.68,0.03
E5hdtfxm9ZD6zjU7BHA1wyV4AAS3KqwaPUrBF2xpyGvy,3QjsH6iYc6SXQ5ko5bymy6bEVY5KH6TUiYBcHZH1MSyG,319997.45,0.03
8jYp6H6BhVMhdXdU4sJr8ADbX2zvTXE9vgyi8AsTtFdE,DT2PctVtZFf2gDWCjXsSFbSe3hKwyWQUNg2vuUeRy6kM,316312.97,0.03
dnPeisscEHAa77MZV9kDhj9o3Z3F2dnu8ipUYp66t7w,HckZVQywtnJxdZcGFNorzeZM3WQRJc8obV3M7TtaiveR,315822.94,0.03
37oCWMFn7LddR229rU6NNKyzZjLqpLdsxUsGj2fDDqEa,ENfkUdGooykoZFeFe5pkrjNQoz2CMuruay9XEfQqKpAQ,315188.32,0.03
7DUaSZJebXTJUjx7WztsJqwoC5P6bjgZY1wjo2dyPqE5,CEqAZseTpvYLjkntH2umKjSjqyLA7k2M57HuwCx21H6U,314762.44,0.03
GXx7WbMCCpG3GTGEXmU8maPoGDXoNNyKFH3vATwp2kkK,9W9DcgNmosF41Jx6CRkhiCuhGUJmf78osc7EvdKrGo3g,312911.63,0.03
3bTdofCudNZVMoGrMMPf7uTJxyPadbFU9SuNNQTqA4Nf,75m3pjw6kvGRyX6KGjUvb9mVzGBAHfpdDu4AeFfAaFxB,308621.73,0.03
BnEPJSLZet1btpa1RKUyeRKTpDB8xP2WRndTas5Ydaef,DwNEV9g6GH1DL7mHLwGJL9Es7WxzpQZ4hWWVHWNTXkrJ,301411.97,0.03
5y8KJLAWAHx3qdZK3Hh5p19afctzdVtwQcNELo415G6H,DF3BaXK1qNf1FCoRRTmLVAnNos9hW425aTBfeajacSpN,297912.19,0.03
GaLjfDE8Gqj5NsCWCnqxUY4s4jYYAn99r3yk8iRoqh8k,FHSxaKWWZzhz2K1pJnmqw6JUNp2pyS6jHwjcQNXJE8XR,294945.70,0.03
4FjHm48EChVifPQobQrQPGK5PYxHm4aPDwkZ1hHEGZ3i,FAYFkxgnQX4LeKaErZfmzbWUCfrJWvoyCFRKjU5v5HAf,290470.07,0.03
DibLUJAn2iuXwkQb6RLCuFLnHAyd8uMxMAkgT6HrA7Qh,5hrvrgNtQqpKgdpU7E9bSVenyqBjrDRe6mourHRqT7Pz,287003.67,0.03
HbcuzUPaarSoftKE5V7TG5WcQyb1y9ffCeELqQ3eFLCb,6ksrdPqyrds1C2rdmW8ef2Sh7qASL41nsnX7VVKpkLdV,281567.38,0.03
C4XcrPnCnT5cj2mkcPQhHSNeYPvwAaQBr3hvKHcJQp1J,87mUuTsQ6NZXxLahkoRoaQu9ghX21Hbe7PNK1BzMzHP6,281484.28,0.03
9dCNc3rToCoFreK4j67tmoEqvQGETzXNe7dp8iBVCwGP,EABTdX8FCotohpJj1EcCnYHYBg6y9VekUZo9qmGRwoEm,279717.62,0.03
5mRrU8kfoGEUCziPN8PDzGHckuzrUduUP2F8WByy3nkC,9f6cxY2GaQ5aVSLRmjjZcrcHb7KEo3GcmZkyaj4UCaUU,279510.42,0.03
CcybgTUQvaGjiXEbaGVHPDGUff9SNofFssti97eCdwNQ,29UBQHaHx5q7AMhFq967wyscLsuRbg1pwB455YHEVhxp,277838.92,0.03
tR9QXDVRMK4toCMU41h8hooDeFSipaaHcADtawJtN2h,3d9Hj4cmmFPmJAyV6TvDrsa3oz8pu27NGzgyAJPB2Bfs,275232.72,0.03
9MFyc8v1maRsHDftTmhD4w5CbvNDkYZg8CbqCefX8z5c,3fmKvG2mQe1sRp5rSGnSLCCweEfmRTrQ4Muphzqnhuah,273433.75,0.03
BS2wE2TmsE64xCQryssCM3XxGTs1Z1598SvGKo8DknG6,6gbSepXZoeEsqMWQiNjD56C66SMW83GCU7zoNrENf9eY,268887.63,0.03
63UBNcwdgYfFQCidxNb5zmmFLYw7rywsgs7amMCopjWL,HZC154J1qC1Y8aw8Ahy3XkHWXko8HBuSD9aPzMiYo6wZ,268792.14,0.03
CK1J4peufXtWnbUHm4hnCcoP4NRBJ1zoqinvZ9AbF5yj,BFDJRU9jBCZd7n7RMuVs7Mmt3HRcyvPHXvapkZyAkJfS,268476.06,0.03
8YAYBiEbiW3Feh9qLdEMSsGeqLLR65P8eRrRWMg5vyus,5soV7uVxQ4FuGMUQgkgP5yC5doBnMQdbRSYKSLMjhsfr,267965.24,0.03
79dXVX68wo3Ts3CUebCER6oxqcdyb83duCv3YcNBFC6b,9qwSGdcnpbuLM1PSoCYtReTVj7NNxFZdk94KYztzc1k8,266441.83,0.03
8zEvRCyzTcXZo1AnArpMGc6Fsf4BEipjVx8gZZkxXe2H,8bD28G7GH384rb9eL626w5faCYXdPHKe9zHm8gfKh16r,265535.59,0.03
J4WoCp1Let8St2xM9PWZxq8bZDdZqS73rxgy3CWd7xwy,ERnnF55A3KRiNhFq3tDTpQPsYRExyH3cX3S2ZSxdmhPz,264250.94,0.03
DuhS3ymsWwwTwe696nSA4pFV9PtWq3wUeNp7J6tBzyHs,AfmhjXm2VD96suv6PBFHqTgyHZRvdTz3h1zvdBj6UH5y,262029.38,0.03
tvNZ5nQH7AZqUgaLfwxWhMNKjPvYjE44EPUBEHXFsW4,FfUQVtYBrpqFuWnpLUeXZj3VLP3eJL5rgyzohEC7PP9j,261974.05,0.03
EP7TDmxr92ReZm7bsjx9CTwT5ZcoAAL419tmtEpPpnWt,AgeRktX6y6P7z4ASWwvtn9qnmDgZMrJYUuQfJgqm3RPN,260670.15,0.03
CTLRyD8FgMoKiJrT7KrGKLMwyk2JsfFWSebWSudKJb8b,8N8gkodYTGbkEzd1hw39G6oiYWjmc9vrpg3FN9RrTVw1,259986.83,0.03
F1QYqest268LhqiSTiQvHeDPXPSoAuzVTMRzo5TXBDrv,6BTSbLVeH9QZnxx7AYpmDbFHinwR4pkeoqxbniiPPcdK,255235.59,0.03
7uBp6ECAD5e3EAXJpBQAza39myoTu2igPsHrLAnQoxnw,HQijYLXayBSCBCUWd5uGubSBBuf5k9Q6JT3zEdwtHzXL,252122.07,0.03
FjBT6rDGU7HkexWqqA9yRZv2icNwMDKc94oPcE6CVbjm,FvPFBciznpvPLEGiVspZg96MKHGiPqg2tgAQfpAkxVEs,251325.01,0.03
FaPzQ19919eDUzGWzUk6hbziruUHDBRtyh7jBQjsixZZ,DHJSiuGjBRB3Esk8BgfBP1CcbDq3wmoit165TznLmwdu,247968.07,0.02
Em9ABZzn9Ca9GNC5zYg3FyqtjxArGM2fdiAR2YEnBrNa,2dhRJaCuFLjFGyoYZnxxBzQt176CQfPMRMUS53eQUsGh,246507.17,0.02
DXrXFWm61So9V4V3UffYFAuiCnzmME89XHxFFWoSem1E,GafrnXxExmLE5mQUh1iXJv82zwmCXvG7XXksSRe52DNx,246313.96,0.02
FxYdxeSvoqfZt3kczJNXknbC4CLC9fDqTj1GNGerdrEt,AmtuSpQ3aC9s1eXwBdmYSRM5MN5wVKcEw6h4FBpeHJZN,245534.15,0.02
5tzqpidcAevxqd4ESXvq1td5KuiTRAm3oRqPBTYpu715,6cPfSppcsfSCiDN2JPNbCgGUisacGtjHxhtJ2MC3QWtR,245447.18,0.02
7mNszQ3zRxpfifLkBG26ai58hrn7ZCME62RX4EaEunYv,9bLAoGWCEXPkmahNiWPtVFkxXGNNZ7GV1pQwNPztMbQQ,245355.45,0.02
4LSqFdxmWy1FVXgF5GuweJsqUf4giHvyKN7ts1KCnne3,AQqJoqcsQ9r786rYxV3dFgrzN9ptTfrGhheyU8hhNFPZ,244566.49,0.02
wH3Wk5X7WLCScgSzDoZvSTG3n9SKvBivXGDn3k5h2gx,2ErFoUExnUKkgPnRYCRjfAcEkq4AuE7cgoyJMz3tQYyG,244308.77,0.02
737kw9aoLvovULXHoNxaCCzEipfc4QRcGzLQDvkM3mW6,4TnMRdiZEG9zePRiuyhENdRSFMAr31E76dckNEcaKoFs,243378.76,0.02
HuE7hEPSWhfSTh82y8MLkrHBDpxuwKT624WMWHdS28be,7z4rCL5WW8jD5tHgAQ8oS9mYHzncKDonQNadEeeHh2Hk,241661.76,0.02
9fBV3E82f8C8FESG7Z2L7BSri87sA3XpaCpwK9uNj5Ei,EBxpp1v1cnuZWcMGKK5BHw3aoqi8UqdAkk7ENkQy5DBS,239081.04,0.02
BFQa1to5T9he2ATowfLAiyRngAq1qTSg295hKHiCfWj6,B1uAi4daWLuHhnARYwhJSLw4ZUQZyuk8Nuwn9mQEYyz,238024.01,0.02
2po972Ci9yMQXW6zWZhTpMW16sDb5x2ZgWsdikHUuHng,BSSYgByJT4s9pW3Dj4qa7z9VRE1ejE3nYojgjfrzgnTf,237311.75,0.02
3hDEzpfa4c5zr46MjcRmmtq2gHLjExPT8hjXUGZbQ4mM,GTkzxUn2WyGezHYwLC5zhryJaJ2JEVreUnNwvtkwuqPG,235444.75,0.02
CkUZV387xnoGpF7wC2moMa6mPmAgCvTT4pWgzq4M9fCD,3tw9Ah3z6yGxPfqGvkBa1zwW2rKeCxoVMG7R9ERnfxu4,234566.88,0.02
A65jA2bTPubt2jKT3puiLh6LKbSRqyaCG6QdFbQNMgCZ,AqQwyv3gGrHJ6ATTBMcUCvzrcLDh6tdGaxrJVtZpBPqU,232954.54,0.02
CRg8Fxu49z1hoD28W3B6FDEvGpDTVwk9bjjdJ7nntLUX,HoF2iiWFfHTt92Eqh3D8eV8o2sWpAJj7cEsvu9XYGZq4,232011.44,0.02
8SMyXU2MeaSGffsbdDTh42nLsgEPvSv8wRBLPyrZfdMk,CcQM1ZQM3AvUZvytuDnSgwUEKsQcXTRACAvJuhtmsDpN,230912.83,0.02
FBvZFL6BJy15fPsjgHFC7Sif7vXk2iihvCMtGf6pM9vz,41VuQYXbdYxVVZFQ7NR9jmG2F5uZYimyEo7C8tX1UcFN,230177.30,0.02
EZ2ASLp2CDaPSipZb3MjRd4ntKb8T8ovjFQJHntmVDvp,67kPb7Y1Bbq8FkizsLTVM9T2Fg9n6SZJxY4b8qDzNE27,229642.13,0.02
5oLQdjDMKFvzRhcJdyNyZziuHewcMXBbhYBD4aqjBuZy,8VeHhSGj1b4w2LPjmKWxepR7tkx6c8J2aKZU5kCNCuNA,228045.93,0.02
ESyCbs2efgdDM3Qwf7qtxtVgRHCiVqU68MNBwxSFcDpU,DVhkWkrpG6pbGBbWXJBmT552Ci1r7FaBcGYcAqZp6Q4L,227088.75,0.02
6VdXCnF4R1EJKzEQDo2FMeSJv7cZsEaFq7j6JGpNZSUQ,55YW9Q42FpHKsKWeixM9LsHTqyPmTLXVDSe6vSer4mcw,225929.56,0.02
yrVKpg3XoBMvTH5etwiTEzGRWCePe2qgUSbGKuqpUmS,EEoZiHsDmydzNnZ3HXEmU71XV5iHfMi6ucJw4gAUgTEp,225502.99,0.02
5RPw1AFBz7Ai9oggMWwJdHfWExEu2x1UVZiVMQaW4Jtf,Ek37cxhhYA3gwv9Qu7mXZboLGmSjEwCR7oG87EbQcfM9,224956.74,0.02
694ytKxGURswSEJNcBd1P4iy7NzA77jh9x5WnC6HmYeM,4aH1C9FQCR5E9SkBQrfiw6PkS6sfyrB2xYKaVjfTh8tu,224901.50,0.02
9Cds12jV2jYWAZGQR3hxGsWoFDiAnqZart724Tjqr11x,9FDjxzVq6RD7i6tWNVHgXWG695cWUa5EKx7DCEfy4jG9,223762.62,0.02
8Wa4X4whXeDRkE3NKyyYvePZmQTCaq7jdrKm1NLpqbAy,AFNm662jAh4CooPVstdeKRHFDcTtuUbkLfecLGxsXAuG,223444.18,0.02
7JczzvzTKBjYAmXdLfwcFesM7QTWT12QHftn5x7tJLbe,FoPbKi8GAVzVZVKF6xDVXqFStC5rkkceW75QqQs68ciA,223197.90,0.02
763AnGYpSiQUY3HzsLn3SHN2cbmSKfyWkgkPTUf2mu2p,CUYJe3z7GRmCCrjP1yNqwzypU6nCRGJQST1koX2VniwJ,222625.72,0.02
2ycNdVN43Fs5NFnPwbftpK22S8NhXknEtGBXCNYwQ9Yx,B8wunpDYyxQsnLbgbd2n9Ukjokf8zNCcWrpS5ur9MbiB,216473.64,0.02
7Uzd4vQm5D1oMhvdbvAyeoCABwDapMXvCMS84BrmBXK6,AbB8n4PutgjhDV1VFCn8trmFtSa5Giz3Vho3pidTr52N,214384.46,0.02
AuiLLt2KPFi4BtTuBUgwiq3mB5qmLpBtnyjmRDcF7yb9,5GhpPa91C9j2LBKPobPaXPERY1yo6LcyAWkQjR7We9Cn,213832.10,0.02
ZG98FUCjb8mJ824Gbs6RsgVmr1FhXb2oNiJHa2dwmPd,Gtxqh1Eztu9TKHqRRGw9qZDyUN3EvcLafz8ZgAHyVJff,212144.36,0.02
CSwosn22SmkciNx6P8gD746VMQCvYZv66hzvHAuBjhyc,25k35n1ARGLDFFnKUyyyuotBAsw1qZgkw4zsDKVFhymU,212118.72,0.02
kzGBdpquxAo49gt1BrnLnnpZ9ohwkmi7JEhTt5xuFjd,Gr7kDvLExs7z4YPM6ZdefahsAmgDJfbW1QTL4kADg2M7,211181.92,0.02
CSqUxuThNrYnWJiGTyXWupv6mX6AyuV2819DKsmaYVcj,7gGhmSowTcBHyNGueyoaUUwMa7t8MCBubnA3S1ZvZvzb,209957.18,0.02
EBr5BGkE7gq2jwek9ZNdUuQDKzHUyTsNifHb4htjLyZ9,pu6vLvBN9HxS19EjLDX3Mak2ydSMCmspp9BvczcnRoy,208338.82,0.02
9eki3V8KBYNRWbQZU9XnApE58DjSavfGGMehBwR6CuTi,6rtJ3tuCrKNfrPDiTFTbcRn9VDDFEuLwMPRe9gzC65go,208081.79,0.02
CEpBStvxdQqFa7YaKKPRuBrV2yRYgNprwpw1tp2xEuWo,B11Pncf4W9UTt3oTGHF7r2gWMEhkNsxRwSzipYdmTyh,207208.36,0.02
5MSFfjZNVVZjtuM7sSrHMEDezEaAGjg7v2FucwoNhXTr,JCNo2CLoGdMWC7vwPYKjK7C8C15UpNSZRYnparBpeP2c,207039.88,0.02
7qcYDMtccYiuUYJsMJp4bLHWzLmEvikQDcNcTHGwLqRG,5dSBAwnZqRDJuWTpoLrs89yKB9BxD3QMnQKoqD6tK5pu,206989.82,0.02
G39HtziSmtEL21ZeCKKE69W6xs6H2D4TYDfZXW76LeDc,FfqWTYpVKxcktHvzAV9p3hzBDVSfToPvDMVe2CGkN8vi,204193.87,0.02
4RZpcPcjtCk94u4MfyT1F2v2YBxc85KdMtPuYHn529y1,Gu1x9nKto6kinVVvR4fwXQ71H8KFRNBgXfHFWWzR2YQB,203456.68,0.02
Fu2CC9TWekJRLD9TirczonwW9ZHGf5vCnxX6BD5o6HjN,F4CaYRo8e7Vj36SRVSumH3vgcztg33rbyQyxyr5gs5Tp,202804.16,0.02
8ywUbWWRCrjTqRdc9osacyJN5a6q6xfE7EAGapzgVSwE,BwKYZsQXw6KMBJuuUYj6JMTTjiQAAAmuJS5jGqoZGiyj,202471.47,0.02
GJc4yXEYmbGWL8ZoJv3haaC3DuRdySx6grrkFhFdCXcZ,AGfBT5jEvUGV81qL7vi8trd44Ta2YaJt6cDFFrxsekAD,201071.30,0.02
4iP6CadZaxH19HfrYG5L4RLA6E7kep2qSRCsQ9BL3onv,4e963thenSFMqANd3wW34H42uDWAMkJZgps1PzLhKaad,195500.34,0.02
4mGaSrckpyjJxz6XhmpxgLFyN9u63DoT7BXu28wkknrA,s8DMUnXuiYcDVbzk8trvCn6vsBRejQuHr4MmnkC2A9s,190783.12,0.02
BEe8BA2JjQN9Ux5Q7so5dFYDwAcMMN5UkLgh1GvDRAvp,GC4EfbfxTzdSNjndUWwvFJR1wviVEup3FeuF57ZaxiK3,189117.31,0.02
CzMLa1nJMe6pE9bjoPv8T2xi2pT9NzRsUgcp6YXXbCQv,F1KbNLrrMT6rnuUDs4DcHWeSicspAHZK1yLaM4AdbFbD,188488.40,0.02
8DQ1KfeurvJyhBM3kHD5u7LeStcoUNa1rbFoTDCp3Sz1,6RtEaSeKdFd2jQfnYbcqWWy2sYWtGXsebLgLNofSAj1J,187705.52,0.02
7teW9P9Lzck29knTLviNFH8CXuAD1WTpzNZS7GQKHVzK,FW9gJPTMBtNjkmUZqBba193yhaDQUd56M7jsYsATmobq,183526.07,0.02
DxDwWneVgUt3QJgU7srTtEsghUXEwisiMCEh4EWccrV4,B1fmNPYhPjcUtztvJPjfpxNaERLACr4ysVpjisjYKYXW,183106.47,0.02
9SYGgGqkoRyK9CyjJsv9GdDpAgAYAUcvs1Nybv7FKvpY,4QJE7rGggPH6oXcpkR5BFhPdJ723ffeFYVc6qwc2uc8d,182247.54,0.02
GaaRxToqC9U2crAuoPHw77gtrHaZehtEizwvjKc9oP8e,D5RW8fiM6b7Jo9Twrcc1LQesFG7EfM9cmFF6smiPhKVj,180064.07,0.02
2Uhy6m3XCcW8sJFKZoRAdDokuphX15BkZnhGzQsWa1e2,8QSiX5XkDNBHmLwQwbDpERRSstq24NfNGAx9VcPqeeBY,179804.16,0.02
43t3JcxYegdrkDSZ1TiyLzE7NCunAgxTVPL5BaB4Ckky,AS43whE9CHAsUBiWy1rXee8t19EFgu6vxDKnMmE5CCek,176623.09,0.02
3vzFNWEbkeTPQyZ8Tw8v46vg1FUPGeZK7Pe8tfHF3FKr,56M6A2FGbmWTWetr8ZaConR72WTiSj8XAME6RhdbvXXE,175409.55,0.02
4UKSjv43tQUAF1jSuQGUghLvBNuFeFEyvDFXb8bMZgSc,6TutgqwTNcCZMyApdPEdz6cCAaFRWAxpn3ye31Pk8qB7,172529.82,0.02
5VSB36zvJ26kVYRvPx4UXht8odVkbR88zFWBfj5C68FC,7YW93bWFsD3o7fWkmJUxQqQNoqkLKDugEQJSsYh7gGVt,170075.35,0.02
2Ac4astpYJrCLcFbSZs5TyMVBdEAJRcQQghmdo3tc7Bn,EN6e3MeHmsvS5HvTaHHQFqakkDh73VbQ5TZXDj5b6DtA,168946.89,0.02
AfJgBdXHm4hcCvfQxWF5BFRZogeDNVFKcUnwC9jKjJLs,4PSZLMrkbxR3fAtCEgXPS79o2XvJGnDNS5pA1r7K7s2G,163859.77,0.02
EVXfy1epp68VMpbMENSYCW7FYcQhcEGU3Lky8mKmFmo2,6PgWkdJKBfkrEkbD21YWAyBWnkVU7rcjrvp5ieHNzLVr,162518.48,0.02
A57Z5tqJoQK1viy3EYmsnZjh9uWAsMbzLg8LJ9Fvvrgy,EgVRfLUqwWoHD4LHKqA7gGaXPA7cfcS1vrjP54kcfHH6,161354.12,0.02
BaKs16uAz2PsZhGJRJUwcLF585n4XX8tCrTzKZZUHQs1,47HuE1hE4kKq7J9D5UNof12bdmMcjEYoEy85WmjoPVWM,155310.19,0.02
Hsg79AM9FG3gFVbceuJGyxbz8dCHNdr2tGgVB22MZEqk,6EqKuhJ6Xs7ugHmPGBskKWsbxAVWz6T7xnZLuUNcRPhA,154156.16,0.02
FBQyBj8cdAr9CZsGCWHP7RJECgWxergKbXKGM5XKD3Gu,23gpejjMitBceUJCR22z8WeCaSsZRbivywfwJNj73x1Z,153834.35,0.02
BugG7s7egn3W7eidcaCSoG6jYTwuLp5NyMv7UXjg3oSa,7izF8fJL74CXmoFKWGbLGuDkF5cGojKiTBdekoKUhDVc,153683.02,0.02
E6yWGbs89UtMH97dQ2qebDdpH2s1CXukKoq8E1ox2VjY,GHSPLxS1k6LZHohxEoZJKWW1MTqKmfUj1bY8s1vyw5fB,152444.32,0.02
25eRfGbh1qu2vAY8oyZYaoXbD9B3aXKnAHRnz4o4Sdi5,qhj7Sx4x1iSK66T7AvR3JTcgVxNHWJcajNSWK6zT3K5,152344.32,0.02
8WSpoBPhD4pH8Sm9u5HqJSqK9PfX3teZL7b93hma6m51,FtHvDKkqyAAhyHBEfP7FZunYLpsFvC5hZVzkABvR3WJy,150229.67,0.02
4X4kidwGtjYeq6UsWmKEqbi7ztK1YfYzn13McJEnEwd4,AG6Ff3sgLVbgtkEEBtd5w91zFBvpmHob7291wWuNXNpB,149448.68,0.01
hBbCKP7PKEpEowrTjdAfJnCcMY8c3ugdMFECBxfY3MQ,5RJGenhKXfZ3Mb41yurASuhpAAUYKMdiWjtQurixaJmk,147673.05,0.01
6CfUE4sRdXeGCi8vHZErtfCJpkrNRd3TfVxd2rr82w6U,9ZvzcXEg2MefuqrtDUJRdgqpmZPX4GQ5e7BRZEsZKZ7J,147125.82,0.01
GyimMnRWcXVuPmok93P4T48qMk6ut2uorgFKtVpBzg6F,3W5VHjAyrBtjrf6DXBQYxm3K9QW7hcxqvJdKNop9xeNC,147080.47,0.01
7ZNVVMorEyYujuStxFWkJ2kjU2cvJg8XskseVqsJKtZ5,D1tDVJvQewQ9qBc4AtNW6FQ1R12RN9TrJvhZQb1fFUwp,146786.58,0.01
2B3y5jxEkkjL5Ka2TDQ8HzJ6nQc2zG3E6dy1SCWrFVkF,DnkEeYuuq6RTnsDj3rrJgwpPzBipUyp1ezYjMBSqBo7g,146234.35,0.01
5kDvBfEhJUTT2o1a8ZDUYe9ukpjCfjzodrhCkihdjmQk,H1wY63mCjWq8a4K8ufVNYURwkYu8tesxs59ojAVrHSHQ,144252.37,0.01
8SSbg93EKpxixokwiKszvTVynNzaX2dgFfZuKEUqC4Ni,Fk8K6xvoprHKnAyhiLdKz6E4dxuEAWasrda1LZxV8UNN,144250.39,0.01
87bJZfT8cH2wUJXYTp9eX8VRnSBuzaFY6p7byLJmV3GH,ErUyYwkZ4n1i8gn2umURQMjnVgkVCgTsMSUcYAeuLuKw,143460.80,0.01
9q98DwDz31gdCDZ9EXyWMc5Pwx8i3GL19JbpJigWNVK9,AB5D5ZsN29RdjsWgHnr588hRqkxnMSVnD82QfanKTxZT,141872.30,0.01
5JNjqeZtJ9yGvhaQuQv5zjVjvSv9VYFC3GsSQYKX3CBr,4Ed6zHAUJQhoPRBdhhiqFjgMnYW2pKHhUmSAs4oDXieA,141144.53,0.01
3pQ3gEdMdRwrNx2qCcVz241uS6wDThR9ckLXmJt4zLZu,EZf32qbc6LHPWSw7GkhTXts8za85DqvUHSc3DejQNS4X,140943.15,0.01
5dzgR9cidNJM4W142pBaEQY7uuhTPeZnMr2B5PXPi7K7,74vqLtF1DnLQtqRPh5ZumL8eWPwcn9tEyyjvYvMjbV6k,140492.90,0.01
9SB8yCeS6aCohhGvrXcmZcV8iziFEa84767UCPLu5HsW,F2U2EfpcMwir1CELmD4pXU6QBr6tuRkxMquEF28mGYJ3,140216.36,0.01
FYSHUVC7WKDcb8yPc3DSXurxV3jNboqMjxCTRRVNWap6,HXhjorASjt8tCRg9kNsYjzZrsLEFbc9mTfD3X51WZDfx,139792.56,0.01
H8PdcpawFHsAGATrVBqeea7PAK1ZJ5HafPEB8zR23iuD,DMrd3VoMEvo363Ee4mjVosTZZ2AE2DeHmDDqgnNuf7Q9,138209.05,0.01
EZDbQQbvoDASJMsjiFGNirGkD9FnWotj3JmiSZpo2U13,HkMM3dxmop5TtrQ75SoTJKXPiUWCogPXYW7YBFaNvnQo,137556.43,0.01
AJsRmWnDpiaZ8yQRhrrs98uCyPifC1Pe8znFajbPDfi4,3imVnkc8znRdUo8u6iq8ZAd9bdFpVwakpeZMpck3Zf6W,137099.45,0.01
77mr8uj3wU2MmtFz56b42WMbavbK8LbP3R3DrhXYj3Gq,59oqomjrd2ws1WBorWZ3WXUWPgAkr9vyrFMZKkPiN929,136612.49,0.01
Hrgxb6PcDaYeoBZkkAFQfjBvTkGJ4Mu7VcXb4xiZkRxX,CW8mn9NVEFN3ta7aF36hBkRQAe5VN6rbtzeHwPici12Y,135159.70,0.01
GuRqqiBtYbrdTdgD1fgoRKzRFkXT3BnffbHRVQEavNqt,JDabgQEARfDLvmgVnXWXPZMbAjg6Wn1FHkS425h5RfUd,135000.53,0.01
HTvmWwN5kBDBTNGhfiRymHXg8N3FEMSdc386ZyEivimT,F6AxmJp8JQDsAAZ4VzGaeq85Co7BnkSbE2eKn7oMrxRT,134419.67,0.01
9hNSRzw3YAsdGGhSDdPvszU71xojUXQtPU5f66Ggye9m,4CrGUfgwaUtoBJRJ3hdcjjkuSfgCc9peRVuzUr4mTg6i,133680.76,0.01
Cxy12B6ezbPSA2GSWox9nbaKxX6geewvAvNGQ7Bs3w6C,Hcy7EYCN2WKN31ZfMCuf448mm8MCMx4GvxiBKdvYUMgQ,133680.23,0.01
AcL4JHXWoUochuZPNmaz996fAqcbPm4fWt6ZHq87sSoo,AAjX8m1StRzdiEfU7VigVKTiXCS91xXuaBBBtKwcSvyA,130502.87,0.01
DkiaxrNJP17BiopFx5ogkQKjVhwCgvZX4U6NSi217V17,AsMMDjHyccCxwWF7Bw1VtNAFThW8rnpM9HvkywFUGv25,130496.10,0.01
9hGc8jKLLWN23ea6jrJkcczPbofAnTWJ46yS3PhLGisd,FhhTB2fMx9MHH4jJ2qyApVoeSzsjWJ34ZaZS4mfQtQQg,129541.03,0.01
4VsTpyjdfRoTXbLnMR18TdPa7PZEDBzTY2Mgs1mBnUF3,4gvQdxxAyHs3rYyigL59oVvntZpkY4UkUEMKWUVLtTLE,128371.34,0.01
J7U46dFBMSZGfzJx4GZAtwyAFY2TUdWAzEeegPY7uFuv,BVMhZyNZL96PYu3sF5iJWBPwMMoTxZzrSMUjpwQ3zbgd,128022.13,0.01
3m5TzobM5ZqawpNFjQmGfVY9g5xo5MZouvgEfibE2UR4,HjMWDi26Dt8Pkbfz6uMXxXriz6uVxKsbXq9vEAFUBV2z,127722.07,0.01
6kmmDP29LbN76XEzbKN8vKnGZjDfVnhR6Gv6PcaaVg8X,5sWn8QttFJ8Huw9yvkFjZUE2U1yG55cWSzyWrisehRQL,127239.07,0.01
42eoa1W1WcNzkg2vtRqQMMo68i6fowLkUWmk6tnYdHjS,G6f4NwayPgiGYRi38SydjAcjeuP8VTRhqg3kwwwRCch,127081.72,0.01
BspvFLtH48umLFogZf4RhACUKTjo4pC3HeGsRGfuJAfS,3XaEQgX6GYXjsbPPVoAhAjy6Wjyp1f1iLHGVxtMtXYSg,126208.83,0.01
D79Qp1XS28C1UebzBAV2Ey6CgcKdFPMHYWHEZBtcecCg,9G5ugFzbEVJo9CDSK7rJd2DhBBuDdfv6CRbkxfL3NPXP,125389.10,0.01
E7Qym8VcZroWq15cZiY9T7Mc9L4o2SK83PmV2icATzSR,EhqUGxLCFT4CLfumDSDNCdhthvZaXSVCNhKWDCHUXvq8,124002.06,0.01
4oBJzqbZ8ZH1vnNf9bV4utqdoXSjfZ9Tm5B51ikPFsPC,5PkP6mdydY1jnnJDiJ5XW3W9jgQPLTYEs4Fx3PXczYFZ,123202.56,0.01
2keRuLszN8mSJAzD3zBXRQukEY8w96rDKhd9PPw1SKa9,4wNkuxbVziWtwiy8HkBGm75KLfb6wwN72H8dTPx4UorY,123064.56,0.01
G4vk7JVWQB9ymTNTvuTnkXmg9hcmVb9faeH5WvMHr5tG,BGHrjc6nbE3w45kGGRTjKxta4tR7W5Gu8YjF6ewsUfH2,122957.79,0.01
7KRqG3ZPFvggS9yq3HJN2A5GjeXMcpxJnAQNdA2UpWdX,Ciy7o3cKyCZVLFpRfVB3rxoFj4owUdNFWMkU68oMVvoP,122946.78,0.01
8g6gvsUmpQGbFo1qysQmgnZBEbLYr68pZbpUaciG9TJ8,EPqNWgqfxLUeqRf71gfEPodikQLoFEYMcTpNdVfg5map,122865.97,0.01
FRqmvE77JWNtHQeBY7ffPx5TjmVzWrht57FKWbpjGrbq,J1FauEu6N1nubT22ERETGHXVuVqzztHKw4Tg3Y6mqrxy,122737.75,0.01
6ubKWpfE6pFDWwPy2YmxpYJDmqUbprsocNMZ5Vt6jsXf,6RTAzKb9jwat1DZPEmBVtBTv9uwPwdfATFL9XYGwWLZe,122100.88,0.01
E57F2CGAhBDQtDeobcXLJ4mw8AMSEkkCLP8ik8hjnkyd,DHpz2x6z5kcW7AvYoT41zkXReepEAs31REZNyWiEmxQH,122095.25,0.01
6STgFMqs22r1CQXpFaQqisn8h6bXEVNpPapjdag59io9,EqY8BCG834WGPJgfPpCrWy93cSdrKmqBij3FDBbepNcG,122047.18,0.01
4zFZYYobbPg2XE2FGEHK8vzSWrcU7jWSvqDLzmAWvQwp,8uP9ZifEWXfrcMf2AuffVTV2Sgj8CbMEwNDYzDMGNqic,121953.00,0.01
8Ngw8hBybUCA3FPFnkt2NoCdjt5MqtiXifKkJvewT79E,5iYL8ksPaTEmJK8RZx7zVVtWH7pxhAP6HYf8iT5wgxNw,121893.85,0.01
3WEji2YZtbkVgkALg2K3d9w6XSR16pzhLfXCEEKkxbQS,5apPecttH217MbNzQjWFMdDe6cdYmhFN4kX8NrbJofxk,121685.48,0.01
DAQaVN8TGXED9fqP51yyrcVGDYSftZVNr7vw5tZ9Z7kp,7EaNGPy2XrmKZ6Vx7EPeMC2hrhPZrFnbw7J4bXTLaJJD,121304.84,0.01
3zLcDB2BKgKXmG4dHKTHMJPmjbkCRQsL5CfCGa5AEmtd,BBNRT88oLeiceiyB1eLu2dJaEfmtyJqeYopjSTzriohv,120738.09,0.01
67wxAd2WsKTbn2q6eHaL5SHoShDDwEh9CGN8PuDZuPYk,F28EGXzoDYedWEa6FHhzCuDGXHdftKYnNvVCDRJcL126,120533.14,0.01
DkiH1X1i57sSmVN59qPeQB2uzuSW4GnbFskbYJwmarJb,HK94KcwdAMXwyPvsYQoHQKWkwnLqr5fJDXoharswDAf2,120300.36,0.01
2kbB3weAQ63bQtNVXRtAHJ8W7pp1WbuWiUTR2STjMjXb,GxfeUHAfnPAQPPxCit24AnVx9ZtMGZ74whupyshEnUNi,120287.54,0.01
36EseLBVnQSRWK6AXsiBFA3Vaa1EKEJkyWapaFFUFAms,BRvXazFrCUYmLQsHmbygLe3wUqFSzCyRrhSf9gvXWgLA,119298.93,0.01
DSmWiDGJsaYHcdsZWDmLDyUxHvvzbxXC6FAC8zix2FoZ,DaQaJTHcB4hRyEvEJCW8saDKSVgxaQpqRQfq3ivpWE3J,119218.87,0.01
3aez5BK45sQU8yDMZLt73wN5A1TSdQMcPVPyEjoC2ov1,8nHCe9XaLhJV3wBCQSCzXegUY72n7qGzWaK2XjFdbdDA,118900.34,0.01
EvYeR7jMJ4ouMfj3KrJ5q5KzVC6oPA39WbuE2hcg6BHd,CiPwzLZa9EquQCX4bn6ANPgGbkCYEjzfx7aLMZN8HpAQ,118807.09,0.01
3MQaW9X4LtVHmU13JpKYza9BytsVwhH2RbhFXacYQj33,8ZGvU5mNtaGt2nrCbUUztpvqfFEN4fBQhJqP4hBTb4fY,118545.35,0.01
BjgxWix39NFwas4tksXLb2uveGpZGQcEAoUTaLB7bRcY,9CrJ9HrxMr3bhCoL6kKAE3JWYbhfuujXWTuN649pJUuu,118509.12,0.01
GAMcRFzMMHZ2MUydPw41AHVWgKr9rK82S1CaJuMyaAp1,EtqScJtBS6TkZFirg2S5i4ihT8tgze1J1ZeczSzF1CXd,118464.07,0.01
BEGcwgpbWgnNese55aF8K7RRwhsWHhwEUDDG38hLvdMo,7JcZQo9UszaHRsHjXrWehhpnxxJsbynnR71aMuvHkM4x,117988.03,0.01
29QvX4rGhWbv2mzib3RQSvMwZd12tW2EfwtNUJ1ctND9,4n9vuFVJobpNhZgqbb1arphpmdCqo2vr63LcLMBMDGrL,117872.57,0.01
GNB2KSsXCkKEHpbDyJTuzY666ztSZrpfG1Zap3L2fcmi,4LmiwBtMYV4DHgPdru76Z34g1dbViVi4HGdxtficoWt4,117827.71,0.01
7rRN2iuKEHFKntHEqtZxrjLBBGDPXFo3fVrBTU8v6Ddr,7XbS9vRYmg27xq7xFWrzazqFPVYV7b1XGCkqghoWxfcd,117144.16,0.01
9crKsiC2ybF3WMxB2zgWhChJJCzj9aDa9gB7mXZLyp14,8pwBjbs5SLLtXD9wu4ta8u5QU6DjdP76EYk8t8TxRXe1,117098.31,0.01
A9z3sDngtPYeAibbxtq5twGQv34SR4c3wbwUQx344p9y,247eufhRjWDDDM9LPJ3cn4fuCLz86TLUPBeFUFWeAVKq,116289.61,0.01
C97G3rrj27f84RMbBFB6SCDbcCJkSacxByB3KaW9ie8x,8qXLscCkKpiZUychRfAxLNEARrimr6tBWRBrL67hSgEJ,116124.17,0.01
ENt72wF1Eut3MTaEq7qDZoz2DcFf2EXfNi5Wwcbmm5SZ,6FW45FGbhDGgp4MhoC2BgadAkAhxPpiJ1vhHspfJLug2,116103.68,0.01
42B7uy6QUgV6iVsoNZaPwp5kQBDk2mcShiKrZy36bHiJ,J3XhUyn3cifDuiXUQBtAStPhHVojBCk5zGU1W5HuYvhn,115837.42,0.01
GeGYn75rS59c6wMxRWset7Cmc1jfQy2KrghDRbLTEyW8,CmwFsHvQEG1CKTgLmtMpuydeFDQFvJvmTApsaExfpnAk,115647.44,0.01
HN6AnetSC646339WkvmVf96Tbw9fcinnkrWzkvKwKKXp,HVxRQYXNNSdqt4jdwQf5SCvVpb6W2EdNqdhHMUpa7Dgr,115465.31,0.01
9Shhh7cGd8RRTb6PqE8FvzQHBCWCiYQ7wMqW79U5WtTG,EVCgZZP1bWHJFZxBmQfF49f2nNnFAuQvaUZVFvbpVwU1,115424.80,0.01
JARigZmZXyzJoPs8HJfXXbQbbk9aWH8ZRXFjSCgJywWp,2j4ChbSJMwHbeSxN6AzBbhduqE8tcTiZBCBrF3zBYiCh,115314.90,0.01
4BfPKdYx85qRUCKbzLNBvWP3GXTvFX5THBnEby2dv1yr,AEtirYNCBrbsS9FcSp5AMB45yrfacnsjAnnGddFBbZp3,115218.03,0.01
99abwaf7FqDnr113iVeoFE2QwwaWQojABPJK7wos2su9,BUQmxcLfNMnjAN3uccCmQRiRrify4SVPqYR3YXBTTXMF,115145.83,0.01
9LfcpZYg8LqxESQgjyTTqftG6pkHjpTUj6mWbQGCPzRu,41YLuLG8AcmCotLZqqtsmrRNEwwEp6L9DbTp41wnXUYB,115019.63,0.01
FxymVQCRJkVXdR2DvtU7bstTBRzXabuAVs7d6GhfMF8K,EPw2cXEoUNHXHiyF6BopBJUcbExejja9B9mg8W2Y914X,114272.11,0.01
mDT8kxpdYn9St3bNrXiv13D6BHJPoA2MBE6awTt2KJ8,67NR4duc6eJ67hiptGoGK6TtL4yw3rEXsTTdQej9BrUA,113946.08,0.01
HiXJU39sSQTUZo1wGkN4PnvYfCtdTx53AounLX2R2VaX,3VgY4neGynGqach4Gw2TtgEiejtrbbdsaitBV449NR8X,113271.16,0.01
CQG5tyK15WX7VFD3bx2iVTGhRXw8JFKHQv9ANmNdU1g2,H4zk3Zi4arpD5PLg3RLTEVSC3kcffyZGw2bHwgbVvJUC,112986.27,0.01
5nEFFfk3PhG3s4jK6UkfsDhbaaW1ZgCsTBdQrkdtwMhv,8mbqUsNp4SSVAPB1vUL8A6dA4Jd4HwaEJak6XnJs74zH,112685.77,0.01
6VmRR7cUKaAeeuFJKqgcK943SNUzGadR8sMZSPGqwKXA,qRiAus3j8CuM4attzSZqd5yxP6CTscaQE8S19K5QEcc,112297.00,0.01
71XvaorNXPBnH2Qn9bmUFKwu5RrVzfHfh5g23iNf4iNW,3wQHxy9bo5pwMhLAmLGYYADrpK8SfW8J2JYHxKxNmu4G,111484.64,0.01
4t47fy7tfthr5EBjT1omZtfKFTpRyKK7G79ZTJvPYfdU,C7H5jKK2Qnix7AaiE4bxBExxPGR6NS8VEVJhGwMni5Yp,111327.23,0.01
ZrjJdKrpvw9zfLcqTdea2jdMRQHeDs2MNV7LJd8T4xb,DZqCEXhmuotKxW23ktMp4Q1LC8LCLfESc3EZNNmMNDTt,111306.55,0.01
HYBtHtHBVDyrzwNn8hrWhE6gLvkiANnLVuKc4vwompn5,BsotJ2hnF7uku98ERSB4HccD5wnJYrZxpWax6d5RyJ7c,110662.96,0.01
BqfmSHNwdmfiRPFEbC2zvFPMvu9C2vrNy5d6gAjw69w,9fmvN5C2FHcZgyNQHfQQhnbrPUSeRozzoHnD7vAt1A61,110484.86,0.01
6sMwhewQs8vYaodEoPeicQGuXptKSmnc3TQB1FP1TvxV,Ef8wZ6XFMbLCRxiKDtczyTEn1ps8UbKyW3vUar2uzAsH,110384.69,0.01
7C47Sp36F4qoayZZEE4tby4mdqQe5cC4md2QHTagpvmt,BdwcbVL9hkUxXm38QvUbUZaVxfpbtzaBnxW2xPr8owkv,110048.21,0.01
HBAQ6c8zELM1gThiKMCL9ZqGdvcs3qArcHSx68Db8s7o,EzGa8R5cNTCaUGire2iASpbWuVAoLp4Ejx7AqNTvWgon,109297.85,0.01
Dv2ZFJUeDU7PGZwSERW8xhbsiFAPQgMZ6YcYTqVgcDLx,4tTgms8mkiikMDZRkxmsULxYbFQAgyRBhG3HDznHk48J,108968.80,0.01
5tKvbY3bFJaBGR2wsDe3emrGeb8ji9fxcCV4cgNZh5Fh,9dFuB7MFedNxWXgUy2fCFDDcoCeMGm37HGGj3EhZNjve,107980.86,0.01
HHBULUufyAP9mYM6z18PFFKmRofSkVbmXphtWpcWbgLJ,58m6znQwgQbfbVVP8wQWdp9md58ps5GnTY6syiR4ikC4,107942.86,0.01
GGEHxghqR3ccivj42JLC5fUs9TLHHvJudJbSpevwqNqy,AdUXcHUY5ib3RQwSyvK5MoQdDg8rJXpyTacBffB3gQJY,107650.87,0.01
9cFY5M6oCaZzS7BCpm9EH63m6fGsxQCgC6YwchsuwJRg,45qMmykCziWrGoADJxtEWie3oh67cCtoAQoVkB7SeEid,107341.16,0.01
8Gbnrz9PacETAwNuPLuQ3NReNkqCTFX7SDbyb2xcyhRr,4EH3wVWsFFLsr8zCGWKQcLUtyVPT4z6nyKvw4pFGZc9n,107257.74,0.01
Ft7bVv5cbTVNTF1d28wH7HqMBMkExApoC25CpheVw3ac,JKGTyd3GAVsLDPkjJ6nXE4r5r9hwGY9adjdTnL65wZa,107073.54,0.01
HWFRZ5EjHHdkLpvhYD3xbVSx5iK7Sr8bmc3Dmt8hEHt5,8UZfTDq3tKNefpoS4wDuUjzjA7HoJS1BoE3uatENTARo,104284.59,0.01
5NYnEaFBCpRz4FNws5gQXgwENPgTiseVEHoNS2VYGkKH,An1zWujxvHsbFsH4NwbXxyveBzFAJxj7iSjy84jicJti,103195.01,0.01
8D1LeRy9XmzmapSMo8WgSZng1mDNJNN2pCSzxfZFbGiJ,3T7kcFohu6Xv7kFBmo69Gm2Cf6qLatAvaTgVfhLEvduq,103020.64,0.01
Fk7Ms1n1nUZhyAXAuxKogpAEAU5uR6ujq6JePFVgepXy,EMxrQaqPSTS1NzAzXXT5hCF3RYtzfoFnhUcvDndsUZkK,101922.61,0.01
9SWgyXXj5AkEhJDf9S1SukXMdoxZNoR7Fsrf8xf5ZMEk,4GpbRo8LGXzc3QbFoLfaji1AwRuHAk9RD3hPR8LMXu7d,101079.10,0.01
8X356czYWqK4DL9UPt3PCSx1L9YJXax6eme241CGR9cu,7qqF6E1D9CqmmJgJtCzf81rnT9grfPES59c66J4KTGGv,101013.27,0.01
26tYz1YapquKFGo3JEBUkRVfapufyGKi3bVLG9PbUhBP,FMkGayWpdX11cM7qwV1Qyhuj2msc2D42ezrHS2zYhRmw,97540.18,0.01
EaPdW4d5nv2MyhS4th43iMpCXJgu5jodfVhZ7VwtNSFf,8T6WsBSML51UCXBhLBXB28phUJJ3YVDaxBeJ75AF1qsP,96677.28,0.01
2N2hcM6A74maWNTAPdqkYeeX1s2c6fAdb1kUbcaoGR27,HQiTsQjxLZNNn4GVSGoHsz63sGifXpXG3LCvBHQN3uNG,93887.59,0.01
DCYmZBnTcWggmLxFHhT5AScMr8B7VdDtHXTSJE35GTCg,G7NnJzyBwhbYTyy1cvZRu92R2efseBuEav7MFLcGY8fr,93872.17,0.01
SdzMUWCgWr6rWZPXKeJWCYWHP2USGeYgUjQUcfMfBZ6,FuYo9kixDaTrGa7vmtg7BF6LMU8FBonARaF4ZHrvkPso,93341.91,0.01
6P6WkKEju7H7iyzSDwsfdhJJmrCWCwwHzaks798PqvMA,GjBsrQFuLPGwfow57YFJ3SnsntQLRncQKyS5ntyQP6vz,91609.78,0.01
CZzeyzfMe4sgNg2rMCkCiVHPkh4wvvo1RSdmXLZoMsTj,HLwvngsJRd41W6pH22mhJUbxxEZSudu6WjNzUQfjdhYU,90224.00,0.01
9PW9cvnyg1YTQ2sxvFSHuAUH1VkrvFUuUHHd2rn895bB,FtXgwTm5ojpiPDKBHXFmqKWyjAHg4G4n2QbfGDvzKKjt,90220.22,0.01
4nirW4v4Kuf4TRxBso9ysZodHvd3TUV3DvkTq3P91SJg,5RxFSyEmM4bnT6cgHn7U31GKGQBm7cKYotGiheUAasWC,90125.85,0.01
EHVqPTMWA458nmmPSf3veG6VxAwKKdej2PfitAMvShpz,9qJ9byGKMdUM3Q9RDJqvzMVuxa18DpRGiKM36cxHPi9C,89590.05,0.01
4YYRmV7797dEaFJatHZ9xy9dGWxDbq9wVZHgMujv3dJ2,867DTJrUngiGjMsN6sgVSzgT2shFxGJ9JgwwVSBu7B56,86881.09,0.01
4SJ9moXjfaBdXxQ4rsgfKv7NS8XaxT5SN7HrqeEV7F3D,EWT2WDpuVGCJ4DmEkHcTPjxdsbtFBfZWzMGLsp6wE4C6,86779.88,0.01
8hEFokGJqKmEvh8hq5zVppDKJmSvHTZdjUfQpUr5YmKb,Gc9fTYdcbhFZMbdVnfZnL51uKw8eQS5caxkP8gUbMCtQ,85783.55,0.01
4PcyJ1fve3zSCXJ3f59HvVudK5GnxCkTCybpczFjZWod,35igr5G1h5Lv4KSHrbty6oCUp7LpuNwhGAf9z41JvB1p,83456.17,0.01
Bp2KN5m5JsVuz8Ly2JxmutwHz6FSzRvzDqGmgKLMvrFj,3MnUtYsRNs9tYgZ3cAioLS7iWDuVuWijRpAtzKp9v6p1,82771.94,0.01
5MVkNwLeJxEExRmsPUaPbu5uSkKa6gaTCqLTvkCUZbgE,Guvbj59H7RLGZ4cd7Z2DdJUpuah62mLbWAoqwX63U8qf,82179.63,0.01
G8L5FGJB6QonQzagv7tAdFrGTHdeqkDahKrTNBCpWUvZ,4ZwtGyHduzYE2TdgDq54xnTVTq52v7QJVZtwAp2D4iqz,81215.04,0.01
FwpY87zCvoGjx5kvDJUS4EKaRrjezYrq1TeP4okMZnGH,B3QCBRa2AmwW3L5WyTmDdyDmju9t4trSTkAVotCTFSsp,80228.91,0.01
8mTeAHoMNbysJ6WHSGPcRLGnD4XGYBjDJUJe17XS4XNn,LbnPHPqDbRDoTEUzXyUV56yEsaYqg1cpsDsVVbGecAA,80163.11,0.01
7dLDt6H21L4tRfwqQjAudZuGrh8o9VpV7Sb4XJUJaiJs,6cCU58uRdFzkoHDKFJ1NWjxofmJMimRjGmhzboZzebEK,79868.90,0.01
8j7CBV5XdbnTKPc4Rqbeh3eHz4JJz6Zb9arxWwyqh2X7,9dpPYKKc5QSFzbcugGZB9bV8tWdL1RqDKqQYFeS1ENDh,78776.66,0.01
C4yY2CA3KUyB9we2z491NcRfEJZSrVVqqERNQqY64SQs,HHf4earFvmXY3xCB9J4V8oQYHPkbyvGQLvXweG3HP1Q9,77936.95,0.01
CgPM45rRc2nEAHhFWkYDqcNPnBLgSa1hLe3Eewhd6XvQ,EEnFntNfwwfeVJDW1GqiaVVw5DiMniE75sHQDSX2tPeN,76582.51,0.01
Fxc6UTb8TR44BEjsWRjp5ktud2R39WyH5c6ag6Ro5Dwi,9Zy2pt9vt2n7wzatdrrATjzr8jBBmi4Do6g1D3jGVbgr,76329.49,0.01
6RhbrVHfAwHPfutvY1o1pJ4NEVdBjMLx6UKoQPrhEDpU,6T7H3Nn9JKcrjRqjmRNiUkxydGuhnM9oTzbc5jRZ42zX,76187.45,0.01
8xDx6RY2XtreqvCNeWkP9mbCJvmfvG4n5EXQeZjSXDyr,6EAacFpXWExbzEi4MHPzCNevSubj1gCdYKRvUUQmT3EK,76095.08,0.01
4NqaAVaB1Jm8iDUJERLrAHsVAjdjoxrqw9SuAv1nZEvo,G9kUvuxzFu4wEc5vN77D5T7YahUtozQJCZJvVnKHDuot,73480.64,0.01
HDRcssDum7zoMmeD5y7BQoQJGPz5QvvnqReMDF9LDvrc,BFQVN9yMbyCkbyrQZwu7PcZGYzYXbdkqa2prBEmh9jKM,71195.36,0.01
9W2Ktf1HZQB9z5giku9s938M6tyqrpEAQ4nkqAA3AxGD,Bj9AA7VJz6hYAW9Xd9f1y7TQSRBZfU5EH5V93aMYhEQY,70747.32,0.01
5iVGECR7p74Lw9MKbjtx3DAFofMkRbwULrBxtiSSeBF7,5mMRgQno8f8rtusSMwocrpnjjuyLL4HS4WT9q74h43u1,70480.91,0.01
38bSwJJDh7bU8UWiKhUFy9qNsEBsUDKa49zc9PRa1A15,2rwnzHgrTyu5dE16aDBzQfdDYuo73ojRdbgBVe6pRvu7,70469.18,0.01
6mUvwGyzfQzzvaFVKeg6VPzBStUzfyeH4h8yf7x6HaeP,3KuMzhz8dbnUJVZYhYvU6PhhqJB7Bz1LovrUbhf9dgVT,70363.10,0.01
29qJRiXQxgrbXSJA4GueYAAZTm6TGZKGZVDiQWfGFrs1,7Y2yMtvmWrX8dJCPZMLzhcvRQ8qnmkpaJYtixeAs4DR5,70080.78,0.01
DiNd22SxuPKZuFEmevhJNWK6MTtyuLQ7Jy6upRkC4yLv,6LXj1RcRt6Qvg66KikgC6qUs9bDzWj3P2pgCYXb4GWco,70080.15,0.01
9MGLvP6y6V7zZkhDWasERnZFjtviXSWu5JcFW7DqfRWZ,EkuwLZ9QMiJkFQ66BiKGT9tSoBychpj9YeAmnjRWUrZ1,69941.56,0.01
6p7epSk9AwW5na7fkXqsu7kGTRVZjF3RKe3y3TaKtsHQ,7Rejg3JncVeugHcBmJVs8K3eaaUGrNfQhWMERX7PUDrL,69513.64,0.01
AAjYMK42fecTtRm9nFLxx3HtubGkHx8fTQsbrV45cD6Y,9mcibm3N2rCuBJMZEbov7agrWb1V3fF1s5NXbM82eFjG,68403.05,0.01
HT3ojvmgEpsfFieYnHN41BQjTaPdp4eZrxvFCjLt9Dkp,3mNBu16QELtqrMFajMNRUky1tE1T85gq3aeM9tjRw2CR,67433.70,0.01
CstvHtSdbFf8d4fRUZKa1XxZJF35zY6gYdo7cMqM93q5,HiVmjQmknNRz8qCMh5exnyPzKgDRhogBgGimPzn9y3j,66570.47,0.01
93ykbrijSGJ5SsWmxbTbhCY3LhER1d1mqE1S78sM6Kxr,EvZZ7AUs1mNjCCGcRA3ytQphYnNHPVs24N3hEUrZvZ1e,66362.05,0.01
FKvGq8iyF2m1iuiiFMyEdMxXBiGt5umU37csh1D6z67z,BmhsNj7ruuMJcHhcGt4iqiJK5dPk8727Vcuez4wbvwZz,65524.78,0.01
Fqi225LReUZJpwZTkZ8jHeQkvj8k9bTDSaG3DYZUHTNC,C8wWEyA4fPr29fx2ShgG5W7juDixa6sLfSez9bAKepur,65518.70,0.01
8qgKLGUrJSReT5QQQXAQzf8f1xmTSK34orcoGcPu1eFh,5h24csJWQ61b571YXP6ho6wkYtmirA9vXC3fq5sAd4LF,64812.98,0.01
93fp2Ekx6vskrJGngwaQAAAPmfHXENXRJEbPjmyPnMb8,D5LW1LijNZVJKWkr8NLRcnGGcREsDy687jBtACArhX3m,64599.34,0.01
BdFKyhJzkBm9fatNmdsNGQrgZvaAKKDEVVLaZTcjqqVG,8XJGeQsS4Ti1bXNeVSdMNFg8AUrDNjLBg3CPFcMaXME6,64518.75,0.01
HJPFrn23gWmM34EfureUHbmDjFXWbZcQsRSfqPfGReDB,FZ5dPGnD5dX4t9LRjYzFDxHRQth4RgCDFMjJnvFWDsRw,64197.34,0.01
B7j982CvHQSsw62uzvYyeqNocC1MUoQjmTnxJiyG37L3,8c7fpNXBZJfGXEMCj1C6E1hB11Aw8jZ6rJ23nNJ7gxuA,63603.78,0.01
3JhGA4omtwDMePdSFgm1cdsm6iYQBYsDwwUPTKJiHYTL,9EtpEd4ezbdySv72vb5jBEsMGaogCHT9w6vpnCkaS64G,63596.45,0.01
AFK83LcXPCB5WFvoENbMnRhe1znnaX3j3uYSeq2zUn7J,8wEkdbJPJt137NGhnKwyuLMAkAGedb1JFgb5QtmLP6Cc,62886.82,0.01
8Ti44TDwoNM7xeagtDjeugBVRhszCdgDFCdgBq9nSALQ,8LUBPyfcy7mjW6iEGe1FzZnVpwKKmkAkvG9kmPmSkNe3,62552.43,0.01
AUBQRPgcJgz9XqnY1kvb7qJgfP47PewVdsZD47cit6Dk,5UsMSfZMwSvXCoTuebP3sYggKeUUabSf4frGUc2BhHGL,62098.49,0.01
HHqWokdVpedy6pYmEceFqRnFkm3AQ7nxn42NRzQ7F3PY,H6of7kjce2QFSWPJj3xQUzaj8PnNQZhXog15bbHdW6LW,61878.39,0.01
AqM25qmcc342ZgvTfXuufJjxh9ugKLQRd3caBqfPuwoA,7fFCFYrw54uf7N6ziUEYUWzQAhiaDrEh4rZw86tdvco8,61750.28,0.01
41gHnzATdNa8K92Njy4oz21iGmnMmVrMndehbntskhkB,F3vaL4XL1dZ4ckQFSFmdFooE96c654nR2hcHJSSxYGRi,61712.56,0.01
CoyrUKhnfBmNrSfZjJDVWngtENbXBh56vL6nTn6yq2ot,6JUzFDhaD4hyW5SZnN7GuwuJULRKMBwTyMErJM2gtrTw,61407.59,0.01
7NJPjcrJZ2EfXhtX6Wm4P2q3tSTqKUD5vGTGJXo9JEBA,3mDAuJYuVoTs9ZGaPCgW12WrbMVY7oaWmm9dMdkw2RQd,61252.66,0.01
5guTDxRaPE2TmmAzEJetLsRyJGMzPqd29eKe3B5vnBEV,851s1eAahojD71HyPjbhEfgwSSmTyGMiZTKqhFZ4jrDp,61105.54,0.01
H6i48oG8ytrtMxBzG6KJgh64abp2wV4tjWFhKG9cWwzU,35hQzBR2KE43BqEava6HEYQRavpx5Yg4kzfn1kpMEtVf,60871.36,0.01
DrHCoJk8t49B7HWga3bZDN1QZYai72ZLZrxd7vFhyUq6,GPX4uagnnDcXjp5PRBar5gqe3q8xLveq3y9k8GeHNKRT,60864.02,0.01
2Q42SPwdVRgJszNf6ppiuxEXa6qnNdVe6f7ikZ4gXhwD,FjoJ7TQPEp4vNXKRDNUMd3jWqEY7gpZggAPoAnsPevKQ,60687.03,0.01
2Eag4uzrQTJqtHmA4zBtfBCzctq5sxtcPM8JiKA1piHb,GexozRTnzhpVrCk86Xqw1x8FtsTdciFCekmvT9hoqwQV,59141.62,0.01
HojkqJG1NtvcBEB8XGC83bH9EwmaTpxX4qtHzY8pTkX7,AfUSsJrzkrqY3FzyJ3iQ3NvYsLykzaKLgV68ownEGWG,58870.38,0.01
B3kjMVdqtgzVZ1sQWYVWKfyjjKXtx4MkfFrVMHHE2LLe,99b52CHBccw7K3dGq7S1yTADfQ9nGNz6nG131h1Kur5Y,58740.95,0.01
FaGT8e6rirLSD2whQDdRcAt5T9WLJTmKKJmkHwWSjgRE,8TtnqPFx3wXSQbNdh4RLwAfZYNBLchrTfTK5hgbR44ep,58699.49,0.01
9QLMh5cqzSFy7wkVArDpb8GaQFG6MqK1kRzjYv34b8CW,4i1aXqEB4tbVYJ7sjd65UWyCiqz7bcnwDFAKJf7ZQ2KX,58396.60,0.01
G3n1s7Gw5cDpb5ofn5rkcU7vf4ThTLiEEmeXj5mEtPxJ,9KbAzfHYhhWAFtYgs3HXzcrq3QurS8gDyhnJJjmkErgo,57358.94,0.01
75EJt2x9Xoja1hUXdVR8mBMdmuxenDqkbi6W9xoDtZcx,3Dk7Tgw3K54CdZxK9i4pUYZ4dCQVHtXdXDJLo2ndKpDA,57126.53,0.01
BtC2wV9Z6NJvhTYiFNCBLzN2ry4BUE94Nx8wisojZVZ3,FWwzz2c9unK4qd1kMRt5e8zMWNC3E2hc8wuNSyWu9fzy,56703.42,0.01
3JhjzrSQMMW57FCZmSCy8KYrMMfSm58zkppZnNhVeF4b,4jEw4vpvg5Bv9mgP1uoM7LkiDZ3PBNH5zesNEAonSbq8,56502.70,0.01
25mYnjJ2MXHZH6NvTTdA63JvjgRVcuiaj6MRiEQNs1Dq,754baurydF67kebm9hH8ypViKy9TB3695kCJoEt1Y5d7,56405.88,0.01
9SdFxao4hYGzu2otVCFF8V7kH2RGtMcPENUPfjuASqmY,4QAcStEyXsYcgFZTVQRnqGdjSwGMATVYmoBzKixsRsih,56281.93,0.01
98DwNGPKvi7aGat4bRWk41V8r3GrEiXzkPE2LxbrtpiV,5d1MzhQSLARiD9Z82gkiYVVs9ir3uBAHATm3RNiggoNA,56023.59,0.01
Cd26NVZH18BEsf61ifPhWt2ZTNpgC6BhgwzcqwC3j8JV,FUUDWnkshspeA9n3ZwmGiD2dKKbzGxrqsmKtAyGiGsgc,55591.21,0.01
EPJhGjRTfVUHWWC6QRvagYanJV142ux8UxmMZMhtjXeT,5qM6Uznf546P1zuDErN7D2fWrnBAaCkb3unuDFpAQ29G,55232.23,0.01
49YHQh24BCHgghuYqpFQkVSNwgh3otYWoemx5hi2ZWn5,2BZv6qhrNHHNP6y6TiffP6uKLcraf6V3XJoCKbYwWJV4,55001.47,0.01
FdwQbnxiSV4vXAauJatUku2HirWorx9iroyB1dqaDe5z,7ACHXcAdNoqvcGBga2p8wqMkYVaUhpeNa5ZdW6iL6nyL,54885.43,0.01
EE1wBRy1Hu98JzMZujV7f8kShLPpMnTpjUYnYZoCvoqG,2gNRjFxdMBzpG5Kyk18qbbZpvTUhyBdteRSUNCa3S1TF,54735.68,0.01
HmU9QXj4PT2vvtzi8EwHPshVB5csQHXMXtSwYCK4nCeP,HcnVfzAnNHFFijNSvoK5hHnLydSBEhqhx1E8yG3za7gw,54587.57,0.01
7N6qn5gdr8rs6EkmFuyV4Pr6CUQCDdrZT49LiuKoHuBr,CRPyG9u12u4q8i71s8kzZ522rtACucWUArWKoXc6hauK,52914.58,0.01
6BpsVwZMBwQxa8nhy1YwXTqzTkYBVLh7ya9bvFyvWrPZ,G2LuykHP9GhqjkGyuDz2DpVojDeTGy252Xb64met4uSi,51661.23,0.01
B1FK7r2zgPrnhJ8ak9H5dfESTioQfQYT8Q3diTARxs52,ogACLsZXXH2Q2gyQnHqXLBPaRYHzfFrXh6YcYkVWMr4,51470.19,0.01
CW7MaE9qJd3QfopZmvqbQsCQD39uNG4irebeW4Y1jmzs,92GSGG2sJzpmWta71e5pLgr4GhCsZtJ3JNuMJEuVyUim,51296.48,0.01
CUkJvQpBkdyrLAMFnLEhojRoKRPJifZMTyEqDemcYsw1,BhsLf5Q7cRCwHUS2aGCgKnFknvX6tfMsbtRz6LkhQjdh,51034.87,0.01
ABKFZcsW6xKHfb8YUuqjccZYJ5dy4RmDmcENVuQncMqP,56baffjfwNAPKLy4Ujnazqfzmos3oerz3K8swKrdcn9w,50835.71,0.01
Ea4EYGXeU68EMS2FnqL6F4ym1FCb3sG6z9ktGy7uePKQ,6Qpj4fxNZL1jGoDGHr6xsS6SJidnj4GHgJM2DmF4F1ok,50046.65,0.01
45ruCyfdRkWpRNGEqWzjCiXRHkZs8WXCLQ67Pnpye7Hp,21AvU82wfyh6iY1XuCd8CyweR2Mn2V67KAnDhZ9AKHZM,49291.90,0.00
BLNeVwKbRb8wF8Qv7PqM9pHBqQMENxE7hXnUuwUeW5Ly,5eNfeGp9GHBBUa8wP18PFB7XWVju2pXk3SF8p8NxVF8i,49029.06,0.00
H7HDqw9WBzbkUeo4oLQXRKfUhFDSqRQwihU9fS1Me9Qb,6G1QM5Nd1YTKima7V25knKh9sJdPMX8L7QpLE6Duq1Ew,49009.79,0.00
B6pFUT6MCNZubfgPns2VL5ecWVbWrvEBoTWWG8rpEDsn,A6wTzstCzcPXs92rWQW7ScAC1P6Nxm7B1aXX7qtjPUp5,48935.71,0.00
5jJtYSEk3L2SjMK7PUGwnRzpowf6xaLDHVqBts8vneXd,GSwyLdkygBRNR4HkMitfSw8SQXLioELTnNkVa1P8NbpF,47998.78,0.00
AkqEJRm77t2XQ5hjDMqKrkWUjwdNcJqiGni8sV1vwdEd,CikGKCmptP9kfKdh8Ewv6XTKzfyuUs6z2FveBy8aeCzJ,47530.73,0.00
JE2Yaozqr5qqPLaAJ34ypzehevgCJ1RmqHTf9Zqmb9Gm,ARoPYKDuArU1tKVqKrzEQFBNRaWdhEz73Ah6CRhwfDN1,47025.80,0.00
ANHZ6bUN52Va5rV7u5z4v6D9RD9N9cnaJ9D8kZUeBZQ6,vSYWfPsYQz2pQ8Vti7YW8ipHQGEZuNkFJ3RY8Fs9FZM,45884.63,0.00
HEDPYtn6wJvsG6RnEYS4majcZiLwDSiStqnGAj3HS5Fe,5pUET9zz3bYTTw7ZyegG7Y32Qrwwj1jSzpGLJYzcKfYz,45633.51,0.00
C5tQz6HTjW8C9EHty2tfdsdSHYyL4ckXKjfzhpKKqyNA,BQkhypTDEoYEP5gVL3WwLXP4uanLsYEbM1HsNfJRsm3C,45080.76,0.00
7xVX6m64Q2Hq8We9mTGqFj1cRJAv4ZphQcJokVdrYnEo,7DjFhNZNefF73V7gRYh1bSGA7R5yfzxfskWy6mNuHnam,45033.32,0.00
9offxW69mkrhSDacLQsoRUeuz2vca5K3o6JkKZ7WXdcd,5Q7bYwpNyE5Wyvc4kucSD7GJGSaRK4zGXKq9FhVJ91fh,45024.83,0.00
5HF8AKFLCz1aYJERLtbBFTfGVp8xopWvruvDygCeygnJ,2uH9KaeV6y2Er6mfxvSsXvzzMXbfUzk7LmEq3Ny53k2U,44776.72,0.00
2TzxhgG1X1aKDUyKonTShX1vU6gkdtau9NSra14TCT7s,5asTuPAFeQhoFFpj7a5nK9Y93yt66TDu5qtuaJtXmLPa,44153.84,0.00
7eEM44EvUdnJeGcQfFoW8gDHJSGEiMe82nmqUx4BdiJD,CWSwWCGFgKpWffuEoWNMhop9uhEwmjsSgjwUj3yUFrfF,44042.71,0.00
866BoVXwShWYb6CDf84BkrRbJq2ESKbYtSqNeCfyZcFF,ByicLkhHCkaB2yk6k1KtpCxUFbGfLqorw6cKN5i2ii76,42662.71,0.00
4xL1RBHs9N74c9u9CsL82R6NrgQLb7bW99XzShWBjqML,5sTVF7XAwxRTZF6jfE29W61pfwbukmg5Vvyi4XUWKogi,42248.70,0.00
J4tmPMKNZMcECcvxcAidzA6g67vmvUhPN6J1ZYLTUHjv,DXqABFmPoyFmwquvHe9Dhx6z2CVzLZw4DxM2RvP7gm4r,41843.48,0.00
9RUm3uErPu5TpNeUnyuZVoErpwNTGLvjW4ELEHVHA1r5,G8EEnmhJEjwp9ND9BsZvMcX6t8cG2UsA2PA4mrSPLQQ6,40993.86,0.00
8XkW65MWL4khfH5BY1jwHJvCxQMRkMTnaBHzjNvrYuyV,F9BZkytg6U89ZGaGoHs9HyTFEESBsKBjmdpgcpKH4crm,39886.08,0.00
6iYkpSgjnK4u8W2hYs2jdy3aK6vH8j4MH8NdyXKpMYAB,6ykVKP7hCQ3GBzDwNeC437ovFAj4ymuue3yD32Gys5Yh,39520.98,0.00
EgUgLjh4jyEkU3quUWA1V7qrscDhEjEk9xcJamgrHPPf,8r8ZziKYyvywq7MCoXKsaRwb76FToq5h7B2qqZ9X6r1P,39244.63,0.00
7WTNanANuxvgDFwPwyfZ5BVWweGzYCy3QLsZo359iBab,FSgi6Pq3m4frXJbj4hu89gBKkyorDrdCpq5NxFHgic7k,38402.35,0.00
H5LfRAMHP59umjEgSwXf6UkMurGy38qcPx9nTsEPGWU8,Bv7tjTssMcg3kxNUGwtnGYVkZeXDwqKyvmBYzpaAgFhC,37866.05,0.00
BGKSQUGgyohpeDK6r3kga76ocJ6KS8kfqy8djgxzuv72,YrohC1aeYhJz2ZaWMD3Kf6HXRoU4ogfHDnxdyxL8FYX,37415.72,0.00
D4Ji9fZVXsZMxJGkBUCg9GAecqJMXkup8BiS5gxfiYFn,6y5Wtid5hc7KgvDnAPwBsdrDtpQNSwaH4ub9CrdoKcgb,37251.40,0.00
D7442ahSVEz41VjJroTZv1KoxgaupCEh2SNjCu2SDZVB,9FZkxvcuAroiLjGfNgRPTrV2qjHA3mahMTAY3pPStbpM,36613.52,0.00
A2gYhePZ8wS4zpt9VFcdnfDYRhNL57tFa5UZpK3VhGrV,4Cep977hytbqs2XNsKGbpkCzD4vhso3MT9TvPtsYZHtP,36245.20,0.00
6ZpDJQVU6ZLRqgpDrWFC6XxUBuugUbxhyN5EUTUCFavW,AtN9BZK7TLFtQoMTvBn2YxQbxFKctuo3VV3CcgYcKyvX,35951.95,0.00
3ePaRiqy3oTtF5MZ2UnM8SXmmPCP3q2ZQXmnGFLGgDru,71sXWki16MVmvPsoVpgRaMSM26Hby53PpmddGq7BAWpb,35836.99,0.00
GaNZmpHnT9qLiGm6uMMWSV5ZdbFNxkLz6x9FuJLagCf9,F8egWoro3yJ2AxVS9ecrkgyegi4Wmvn6uu2kSnz95FVM,35184.41,0.00
Eo3SpBqhNJb55BUbQoGfZ36rPDdq3ntWQpWav4MB6oGG,Hj5Tr5HpUkV4eDzQ9q1Rckgg3Bd8VqvTbR56jptDqecw,35131.29,0.00
9QUadHcBk2Fm3KuVTUeq8rzBcLK5BHDuCg1iy2VPbHLR,76tAYxc9KDXZfjQRfW1M1oCCQxN331TpBXZeP8m2xgRw,34757.20,0.00
8DvWhEGUwsqpaHVhyWYkXTvyxPz1F872JKKZYsh7WH2Z,CXiz7vyv6cegrvuqhxRGFCWwwS4Wg52DdmEiiaBBGNpV,33906.04,0.00
DhhBxpKfcYonHgPunzcDmcmmiU22UGRepK1uakwUSwPE,9PMN4grGNZuweAJ2mcmwn8zLgXQHnh9ddngYbbohBmaF,33898.87,0.00
SGowGz6EpuHoi1kk8iWbCX4u4civVWKwS1r1SwrVN9D,5bXhzBWQ7eh282WAzgnk1VZXBC5ib4wuv9ZcSPZaSJ6T,33756.06,0.00
5PJi5esg28kxHj2DbNGdnSy6Fa34VEa3ejTAKF1VZu4N,6WdRgPffCnU61aZ1SVs1sdWdyUyqWTETqdcVEnqUZ2oz,32845.64,0.00
EaipoXDKXsmmoUjKqTs3JXhKh6H41vgawT7EHbA4bjVF,Gv7nxsCdjWPHk9bnaxsNTxct9JxaQ7ziawxZnQgaHYww,32393.20,0.00
8MnLjRwcPaGCVfKNUNZvLAsZTXfhU6Srd4Q1p3GSrGfg,Hn7B5mUWqjF57C1F9Wyg4KPNVH63j4388ULQ86FQZQ8Y,32344.61,0.00
GyfHUe76tZ8UFMpP31uLV63o6buhan9zzHMDujQjK6Tm,2uLbk2ZZS8hPWKSy3rstdTv6zm86HHSDmMHEcwDMZDs6,32271.57,0.00
DXV9DTkA8o6JfoTxViTejyQmycBS9T6GqpSVdejxrfsj,3M1j8Z2BJRFf5gnG3sEfNnTuokDNJ2BdxpUBboxRPdRQ,31718.57,0.00
FkfDRCLBoFDULbakz6pnxsuKtvQ1NfQGvdPJMAiF9qkq,5E1tkj3xLJmBLiwwFcQnoxLZTQ6HSrbZTYPVxYc3RdgM,29920.30,0.00
J23UrrvtE5P8je9wmwgexz3PEhzovRBcFZvGz4RrQ8bY,9bXB23SghnYqa56NPi82zdHq9VgPW38Pu7LiVKFEVxmh,29683.54,0.00
97Lv9gmjfZW1Ga7eZqvMrbA5qkybBtcNfFoERim3eUq3,HKQK75BMbysms8JjkK8jzxonwQfFfRokM44yCjfXNisV,29136.50,0.00
25peQGTQcFGgFFAHxCNozU5TQVxs4w3n9YN3jp7EbHUE,4sCjxKLu6sdw1uNKMwX6oCaM9VkGkh1ksHeZkuiU1tzo,29026.42,0.00
GudnvH7VDj11hjGBedaUTbuxnWJzYdJoe7YG5dKuiqXz,DuYyEGU1feJbVn1neJXKSjRJVBp45ovEnsKmWoGg1kZB,28590.11,0.00
3u1sKr3TgVU4MS66NrNyTzgE3S4pfagenFthFzGX2tuT,DsqYq3KTKfyGLZUkqN6vcpmgKPZQgphvZbQzdBxyNQCT,28322.48,0.00
BEhNauoZAfVszZ3xPwj9wgqRQ3zKzKKVLZiiAi1AruuK,7z1AozEb34ZKG8J4HooTyMCYgAFovZzdDAzAR4rdPymd,27536.69,0.00
2i4cNJBbq6to2W1VSkNoedf7CfSvKpKnzqcdVFPtYG12,GdAhfBVAZdFizgmoNYaVYpB3rrJ6wN27rbJMo7LbM4i2,27267.57,0.00
GeHHav7kRtaEzaVAxun8y6Eyo4Df8x6mZRJXRGXQjonQ,5UMCZWPHyNXZ9qNVBpyevJxVhxfokCeAzou1v5gJAVnZ,27166.09,0.00
FnfVYa8PBtMLPk31HqtMRBafNJjVrfNttFkYGENfM1AL,Djnkui8iUTg7Ap5gRx9v6UrrD2D9SbbRDKkuWEWRtGZ,25803.22,0.00
6y9366fXNpxqpoJ5MW6TAiL9f7VaPjQcL31gEA385fUk,7464hk4bQnzw8Gt9qhK9sWLcHVqwurAPoXBA89Gh5UJX,25700.95,0.00
9LfhXc5o9jecX2JWeUNYdiSJyyHhsKnWT5v8gN99jBvu,3xKK82f8cj58myfZpCZYnxtvGVRuFWXqyyLB657e9Yr1,25444.20,0.00
6q3nxADju6yKjc6ESic4JuyTdcaBYnzHZmZtjFPW6CSs,55PEKBSXMcHaEXxhjZALTyB6azwEraPBDx5eZgCriDPV,25113.40,0.00
DbJWBs93BqFsXHtrvnEzubZGgJQHZnVfkTAtJxTco9s9,5insigkpHbvJJopKmu17g1q1GWD5vaEME1M4bVDWNSew,25098.12,0.00
7JarUEswYriAvZhxcmbkfrFEfmgjoZ5DzuXAj13GFN41,ARbGdiocJAyS8y4zbiAeEwbHPyGYkmpowY8TBdwQZCmw,25042.37,0.00
4t2hREyAgKZAdgyYUJQryL1o9oCApfTmmiU4Q7dixRse,7ynau7d1wxr5yeBxqnqNBoB4ueE1UQCU6t8eF2bpgU5q,25000.00,0.00
DLq9PP3K1pytj5qR71mS1LpzNtGcfvur44BLBetqtibj,8Tu2CT87p9L3f96Wv9bkmWTuLWGuUxt4ej2Puo59W6eP,24382.63,0.00
Fd7VV5m6M7fj1ssNWir5CLU1cU3Hj7zn81P3KyoEmnhB,FHocEubhFwBVCaGv5G2hVKRzFxeHdVA67cWy7kh1eqLP,24378.47,0.00
46q3MDcLSrLXTErNQq9dHraunakMtjbxS3KpjK4NYyqs,FaVsooj9GJCVKnHgVKNyG6aN5KVZVp521rmbt6b6yyU9,24375.46,0.00
DbWGti3DaTvUypYBV87MJK1BsUPpPap1G4oak3ixrby7,9xUUYEXUebs5jdYRJGxJjDvH1HZxpdLDvRZjZ3uSwXZw,24288.75,0.00
2PZo4YMUNEZmxPH8wxt6FvScx7AL3gyBe4M3ZWX7UJoT,GqDabN6hucLzfc3wvKPeAs7wBpBomXgJ7D6BddzXazc2,24247.18,0.00
9v7q7Mo4fToCVBLia9YrWFVFg89jFoP5v55fHHJ2Q2cR,DQ5GYJuvKwnYyr54MFG6DvLvUR4m9LCK8uV2W9WLAaei,24129.76,0.00
BTfBga5KX6du9Kzw4vYcV6uX68BuApwdSFMRHgEJdF7x,EVVHeGC5LLc2NR4DAY5BNBQchFRxj5Y7bQgWcwD3sVoR,24121.19,0.00
Dm24hXMNGpCvSCZxUcdy45utSzKa4tdcLg6xKAPRJpKz,FXDXw1Jz9rJ16r9p6LH45oUwz5SFiigA4W9aMbZRNcd9,23422.82,0.00
3RNLUnYvWGdJx1N9zsb15Cq4km4rceSrpkJmUoCecMca,2rPNr9FxroSkHhJtnGbQ2EAYi79cpqeNxN7AKW3o8gYa,23266.15,0.00
6PNvuYUrWkQLMq5ejsrhTkb5K4SU5N8HCEXrgzX3YJcv,2VLCh3UzTbqcahaT7uLP3D3ZZvqx6oWV4guUdRxM6eRr,23216.98,0.00
CC7nxYzdyFeUZa4kTNWxqJgmjuT4scJvyWTbZmoVjavZ,Eoxkn73bbpzm3aaftPyYxpSajhnvsYRWS8dCba5y2s17,23180.22,0.00
Crcd24hBfvmTb3xHuzDWxPa2TEVZaXNBxPCzAd8Yav52,653yJLUsT5toW76kWPUxBzCTmaBBcyAeNPvKm9hA5fA7,23107.19,0.00
5zAbDvx4PP3huxhH4afekut3arhrkeCnecny3p9CdMQ,8dtwaYAncYhjPUxbC4T45YocfrLykQKwR67rxPsp3Dcz,23096.75,0.00
DWP8nMnquuJ12cpfbVQD7W8iWHbKru6pTRjUM7U64hRX,DTLrBJshJda2cGB92ZpYMYkFeByRX7tt9Bswf624G5Lc,22928.66,0.00
FirrjEGnG3JyHLxTYHMTaoGRJVknjCTyJ18V62N19vgq,BgH29QevyyLMs4fNAfTvHzLtzonBMXSN8Tr1qWngG5tu,22899.88,0.00
JAXqnSWTydEA6R6daqCtTKpmiZdcaAGgsY7zjayH4zKs,GzugHLDAk7YmiYHN2tnKH9hxEWTfSLirTyDXWp2CDiny,22887.15,0.00
GG8mfhgh4xFHGdE5Bp9BnUnKHLUSNz3F3X7nFnRPKb6e,GV2BS4yyPcznKMphxfWeBuPoy3LRSGNtr5YWnaQBBbHP,22507.19,0.00
AJfjNEkPK79aL2HXdg5Vc9QRvNTGUwL1YS51saYZJmB5,6n1YtZgpjKStPUNRZTtrMHyD4TtyNourvqHabKTPNG6d,22435.00,0.00
7E7QytoPgPdp622eMxTDZ15FqJ1TUPhEC9DBuynrEFKJ,6XRts28eQ4APfvz7W6ZTm4VeycRGs5KZEvmALyTwKsd3,21009.74,0.00
8Usoo7mEBffaegq4qR2Gg4MBYL5QL7tMT4a8Hcs6MMwH,J27gJLGVbQvnFxk79WkJ8n2wkeb1iFqoDVgaD51hYGDr,19806.19,0.00
98RMBvLi8HuZdL1tAy95vaLdgL5ftBt47dDq9Xvw2YBN,DftBsEKv447cXuz2bTbUAQNGefiYaERVBY5GqADRkfKW,19772.42,0.00
BuiAq5XtrmR9w6udEupXY71kL1AEq53yViTXsaaBkpsE,2RY4cyPboPPUAEEZAtpK8VTKaVguArg1PjWJCfp7M9Cd,19581.65,0.00
8hUGBRtGgzenNvew92CsQoL7UKpRvtXRj2XQzC5NcTAe,241JnBgKgSdpPHeQGzys3YHPLxZEPdLZ582WmnH2U5Uu,19072.15,0.00
EyX27NTuEmkG2caLcvSi2i8sGqYynDsYfWtQXD3uqnHq,c5VMaBbuP5binmrUw1zzYBwprtuUvrRHhtKCYjvHrUE,18113.01,0.00
HzUga6mPWXQDPwbhRLrk9oKAjvKqyzHW3SWpAgwKGTkA,9ouEAhXZFs2gGGLWLPXzj5ma2HXTHspHggXa1rweZ72V,17877.20,0.00
H5Q3MUE1BrNgFnkscombRcCMyXBvU45GDbdB5BGUiEQZ,5cspDBrzrjCSGiUTqo52Nnvas6TXAWVYwKYeHjREZdJD,17693.84,0.00
9noyCvYGrXezEfz3z6YtBb5AArenrCSr5KhTaiE4yY5C,8h57Sy9drx5ehdUbJPQj3JsZzaqi4443GT4RtYHhShAJ,17580.27,0.00
H1mpcrUAam6ieV9pZLHKr5Sepz9o7LEcbkEqNFzUzvMX,HuKznxQ8NNbXzkSzGHPte8BPou7ghVAxSsp5QtjW53aT,16032.79,0.00
5T9XpbWKnrTR3g72r2cFY2rBcinENgjLFGqWpiqxFJBX,5tRku8idpfGeiiAV4pUKBgEnHLUTjkTGNJn6hq76jU6k,15835.41,0.00
8oLa4V8ts3GuvUW2jZznaoY8CXm6cKoSG97q3yETQqBD,G25rNqqteK7Mdou7BUZNuE1HvKoEPRXjLTEisuUxguDQ,15647.38,0.00
58MEm7Fvmt8cgkpHgMo49uhwFnw1V9VEGssSBQAiCW3x,317WN63L7a9T2UfXafbUbJqBqhbhCeg3Qhhfi89igEdY,14898.43,0.00
3YJMY1JyeUqxUXn8t7JphFQ92dbkfm6JK3Rqk2vicWDB,PAeB25vdHdJdUhFzNALPmVokGrSh5zy4DCh276v62tj,14801.83,0.00
F1amQgWaNcFmCJTnsjErahDT8SZkoCRZS3Dcxv3xDm2n,C7pRGsGN5H4ASeqg53z1EqFVjNj5ftYHeD3JxcoxcMYZ,14488.81,0.00
BNXwNt2CMhWSK1AxqMamKK6SA9BS9hDQVvMDJApnxFk,7UduQQME4W169girN6nPoktrDP7Y3WwwG8qfNWR5xPQK,14447.64,0.00
5Dg1Qx8B7Zy8rxhHAXruQcTp73tLZGmphmXsmnjzKEss,2KCj2LkbmTngQhEgmjtu8c6zpqmCZS7prvv1CnZi23q6,14197.07,0.00
5zoCSH5LvskNkTPXf5xenAf2zQ1Hk9jAmrnFYo14uSKf,FBbvway1r6jJApK7TPVyVDWsDoLwxNKVyeAtdRUu2xat,14110.34,0.00
5LdRJaHTXKXeUqS6gi8cVKFetsXJSG4kXKrpdzRk1WbD,2yP3xiCaWM2eNDi4GKfecchnwNzg4Qt1TUtUkphZnvsS,13987.95,0.00
7coBgXQoriwWEh4beSCY6biJYoTLGVvdpYfY2vpDtgU9,EretVChLcmNsfLCYSmuj5VdztcQjbRM7ShKEN1BtBNZ5,13979.17,0.00
Aqs4Zf4VG3pztBAzdwfvwMs5XHMseUA7KbXxcrRiLb34,6i5SxKESY5vT5gaqpPnWmQtdRkCDkqmT7R8XRiJPzjRS,13797.22,0.00
G1KpqUkhAKnrKHCtt2LwnaaQGDNXiZu5aJwahr6sApfc,FkXETtAie3GaJnBVpVTxouXTfSdiwxn1dMd2ScdxEi1T,13133.06,0.00
GvFq2wFRJu49Uk1iPGh2xFHXTMETL8JAF3EQmWSkYhHd,D7WAxoxAeBLs7Hr8cADTxbg1D46VjjRURJYFdSwpVbVE,13049.70,0.00
8jYrd6owJ2P1oN4CPxJPPxiohccGCPN7dxC8rJmzN6NQ,C3QNakSCKeWXAA4Ht9ny3c64te6X4HSvFjiJ6X3ZJH56,12853.79,0.00
3cBenFvoKtke3qrxnqfxBXm6Yh8dMZuaz7MPgsLG5LZw,DUMDP5bp4Q35xZ1Rom9Ncr1LW9z93fXXiw25Zh7S5stM,12719.10,0.00
FMMuzFmjgo6xLy1eUBgbLfDgUSXo2wAPgw8BF6Ab6TPW,CiCRzH1iPuRpYChZL5CRauXKLQBrer2LsiJmWG8S3eCS,12704.80,0.00
HXfrtZm7i3LUNaDAaoqjZZGgRmie91VNTE85Mr7Z2kgT,4rSByBMee5GAmwsBEbHN1yNBebQCbRm8KZCWZ8DdjRYm,12389.95,0.00
4Br4ffvgx6LrspVkkrUGSk6mK2TLisbXxwP9AmKDsVDD,3ypHFqrbUFPpkMo75PWQmCG2bpNRdsJwqwSqsQY1TXHn,12364.51,0.00
AhZYU2jrgpZLCUdyjHKfYXNfjS8rqb5HmHZkXTdH7csQ,HXVWYwNbiin5RdJbjV7em2VWW18jkKPg5T4dRk8LifFg,12254.74,0.00
9JtJe4vgKceAkzqhwd2wjJ37LLrXZi4sywcgnreh9tPv,3SufgGhLFzsSDyA8FrrQ7V3rrVdsT9hoSs7izS1D9dHR,12241.30,0.00
EcUrqgHGt6fzrW9JaAvjJqcPQH7wTLG73gUxPQktL4Th,62N5QAMBB63r9N6MujT2jNyoiiZMqvsjbDZymK4TBJRq,12213.24,0.00
9v1iMr253uVfu5Ua2m7gdW2xeTH5ve319Zji7scNtxZw,a7X8TDBmTaz6kqxVFA9LnVLisLBcMiEyBKuXKn58PoL,12075.28,0.00
C7UHS3S8heyEEdHikDwf16dQBuj9nUgv1W3wj5qqQhV1,6uh4gtHSfWEGkUrRxXLjXQYRZRo3iTDpWc1ARxdiDP4W,12071.34,0.00
Ddi2ZGrCpKsRfNTUaP6FrULcA8AqYNhHJZTgSzSLL4Dc,Gp1EkbvqatZ77ZVVmEpnUQMM8whJ1XpubGgRGJgNuakX,12036.89,0.00
BXqkHe6y2BCYmDxwF2JrE1LD1iVoqGRsQxp8DBWXH7M7,CSJkZbbiqYmvX8ucCcnTsRHBYgviBASwqvXwGmqutXGv,12019.99,0.00
5bVEA4XT2yeA2mimVBuJs42RKHvFWYShNJWV1gMTpKVm,9mhjAVmHQbShEPfz74XtxuRWy3TaB1Utr46M6GgcXyzH,11866.64,0.00
fMDcfwuCRaU6zmNzoig7xHDhwYy8QNwA6Q1vfZnsuZo,CXWbt7hRNWFueK28kHZ76f4bkyzYU1onJkdnDh1DGuQ4,11760.89,0.00
CwRfX2Yt3xK7NoiZYrxrChHZdR3DMQnV9wnTE39EJGuH,EJYiGGviB8vVRtH5TLvriWm3BM1f1xUFGmv3gbgRUf4H,11665.84,0.00
As5kkkQx2ZzS8u5cEYayGSSSXLF6TUu1CT3H1SNa2Dvj,HA732WYRhhJrhMEZvmB99rpzdhjXWCio3VMbz3HnAwJV,11549.92,0.00
8Z7CYJzp6jccaPdowVro9i1cGChCtVU27CvYBY1Hu8wS,4SoeEJrrTpgJr9hAkaAuWYZLgdVci1zLhsBTs57fKAnW,11526.03,0.00
H6LSZ5pLkotm2v3xbHnbkfa4ZgjdzUaboNVjrqUYhrne,7W93uGfMoFvcHtnsjs5tLsdjTAdyqv4Nh68Q5bB6Fc8q,11277.73,0.00
DJ2gEZeAQP3kTVXWZ9W2kaqsHoH6cjCptR8WbiLR84rG,4eSowQpYJoXjr7PnPPm4YxxrcS8C94DZArBQQXWmMeBc,11273.73,0.00
8G8AjXX8p6hQvRJxy8wNj3HKakkhPnPjgDvyAqQNym7x,25vBbKvGQqXWMB8KGz683rCpfopYmFc9osoKJTrS2twZ,11231.96,0.00
HNx5NM3trpFCYTtMRmTh7Naiy2iAo56oyAEdsHRxaFTf,FArTMxoutnrNhiAyDXDjJp7WqChgX5fdic3SAbXDi6o,11083.29,0.00
GU5F4HQkviNoxNdE6mdd4JaBwgdDJK4KB1ncBNJoTptn,4sLEwTV8RpGiEujtGaFCVQ2EqyHnp4vEHVjkB5GZSoLc,11029.39,0.00
GBgJxC3J37Std6diYAfd2qrLBXpeR6VphqAeZyPF6bsh,B6tY2QCosbAQRseymue7Pf8umKDU92YfxkN8KHLEwFEm,10971.80,0.00
B6osg62y1rnGPAAjCRvavspv1537quVQ9Zag7gGJL5Fs,GggqoJ8ThUBQuJFN1BBrBiTZQFAgfdshqcqTujmVoSU,10828.86,0.00
4FtTdkuW5ZwxUSU99P4ARCk1ptnHWx4oEBRojcZYxhA5,8C6xKKwGidF6mZ9CbtKPQD1f5vkJhFbJWgFBsJFYux5q,10721.70,0.00
GSmCYZk5ZSDtNKkHx8cg2KiCsVfhMWcZru2QCoR3rTGF,EjVAGEuLsFXjUbEq2xQYGMDy5Na2VwsuNNdac56BHTn5,10249.93,0.00
Dgrc2bjKAsjcC4M9jZxEjtqLkmJsDGhbppuQYPZGN5Uj,CuUSqcV71cZhJtm71MXPNSrnsitNGQFJnAwmAyijmhnd,10000.00,0.00
9v4oDU1J5NxMqo2AUYhLmvpKBbvcJ6DtEwS4nVyQtXh5,QxNkMxbHrxWmSkNTQreCJJgUY9jHjmfGsN1LxwGYEgy,10000.00,0.00
DRgCwLcyurUUagmudACydG89ZJxKVk57ebo6BWVqkXAa,8JUGKxu6FUvSu37ecn2P6yrUa4WC7wPkthPAa3vZBET7,9714.88,0.00
FU5GhA4FgYB4wy7BsXd4sZJV9fGktq3AwR6eeMJhYHn2,67r2Aj8UydV7KQorBDypVZSM1RRBGWEX2x39nDCtdS9R,9505.90,0.00
C4fXCFuMZ4jBDHGTH1p2BRbPfC7areJcdTzJABgbkVhv,BgL6DDuN8ZK4XfrA2dSqXyJRDi6ZFzqt7aLzhT4osnHw,9106.51,0.00
EtKc5Jy2fpL3snkdCgoGR5GSzGWWra3s25ZtdWu2npM3,GtuP2cXgfo2GxvQVTy4nxm63iTRbNCzjzfMPzg4zNhLw,9066.44,0.00
AVj7vJFyfVrSz93zpRkPVBuNds2rjJZuQDbsfExGqub2,8hM1X2DUsjuNLBHsETPeUN2hp6nCZTUkXNzrCk73f3As,9002.68,0.00
RUcfnPQdXPpweAJxAqCJNpiQhSLfHkP9cHiuwUhToDk,GbqNa2CHHhgcURLxDz1WxSY9ZbytGUQPCRWN37GgXMnF,8939.29,0.00
5hZnSevoEzAUhYgVvcTdqJELmx8QokT3XrkuCYCq4MzU,Gp1E5LEq1MsnpbJUUUM5rkzJsDkjBJZYkd12nf2DjMRw,8595.53,0.00
4d4sQjaw4u2MBMCyJPXjse5JeV3nMEudcR8hd4KJgAjh,5qhkyFwWXbUAhXdXGjGbRd3TyBrPBXZHmxgonEKTTiQn,8502.02,0.00
7b1jj8YqtpoL4KNdQnbwAzAWnskSVY7FNb5G9KLH9aLn,BjqjrywcRydrDeNSx3PZLcsymW6JxBWwNceF3MhRAUHd,8187.38,0.00
JCZqtx7FfSyBzMNHAGxcyF69Y5XMHtLuaGci3TR7DT7c,GLqqMJKW9Hm2yj8aLn358twwrdBcCTEfw33dDUNEjfd7,7840.49,0.00
G8EPjsGVJ9NyMKCLQS2zuaeUmZiwguMkBKp1vxtLYQMo,FZQK79NeqB9v4T74u9KPZb4hn6Ys7veaRGDgQmRxgV42,7612.61,0.00
ADCnbMDLaFAh6opia5b4oibrRKSb1J8UMKcuBaEKCwd4,8W6R65PdRvvFHGGk3i3ieqrm15paybBeWzb2rr3bg8Lc,7571.07,0.00
Gutg6L3fXJq5MyhBqN5W3tKKCkP5yjkQJiGJeUtyHZ2b,86Q7YZwLvdeD7coWeiE9C3pLBj8Y8FFZc218szvhQVqZ,7211.19,0.00
DEHyeKzissFp8phct4SAs87ZMfmbA3Ke33dXAddfjTqH,XYfayAWdCpyEFjDiXE6gmc99UAyHtiaTCzTViBk2vQf,7193.34,0.00
8JaM3aSUaxbyTkqRxmHccgYhWPndZmdvnpBEYHSJfgNz,G3zDmGPtTtSZVd5VEDVtktHwHbJdZBfQa8w1kkYZZ7uE,7062.08,0.00
DdeNJ6sfQ8J2Kx5yVz9dNnxwoFEm4SmwVrNB8GGd7xhk,G3G2ZuQHf74CBtysYyN84YPB47v3VCyPuPF5zy1gav4u,6947.09,0.00
FVkzYkAvD4ExLaKCKz1M5vCk9L1zyR6BFH4R4CUtTtNG,FjtCq19pGmCCUPg5uxDLXPptbAS6CNkiMASsX1dhN5ur,6045.89,0.00
38ytbcJGYwvJ687uex7sNdi5xTpayNLoLn2HCRrtAV2V,9FbeMVgH1M4a8hTJDLjjzohz5fGy5xTTMZCKiQrmRebq,6002.15,0.00
3KSEVfepxm7RbwAm4w9bWA7yD9pWWohoXaBW1W5bmbpP,BFvFSM4ofs1knW1mHs3vyCyPrknV37USwL26Ww9M3EBv,5915.03,0.00
G3fz9dzWQebW7iptA3adkC5k4DeqHmCshTCyguAy6vWf,8HFHdbXmYgX6PgY4rYeWkLFxUiaLLSc7aNgsXP4dwz7Y,5875.37,0.00
2awkWYBmjK5qi6MMeW2cgKvNzWKVwEXRjhuZzPEbxiNY,5HJZJTa8xsABUVV8UqHfeeAYxsYr1wosRU666gzjhaws,5832.52,0.00
AHr7wqgNEf4xkDtrUWe5YNSwLZW8W5h692GBiU8zAYwL,DaxkWFNCAYd13ybC6BFxKEhxLTWB1wmBQgHFvAUqiRe5,5625.03,0.00
7Hy5GrXJiiy4S6pt6YvudXEPtHsm1LcZs5goRuXBGep7,96iwGoLHhBr2QoMuNZYmfo2e8yQfL8cJ343KkNXzfuFC,5602.32,0.00
3G6JA5BMda6Er1dayyvaMFh7GdemKkd3Mm3N5uB6tq3s,56rybmkF9RDFRTCrfMxdGVqT95XrFNFAcwe2sNXeKYLg,5474.67,0.00
6U91aKa8pmMxkJwBCfPTmUEfZi6dHe7DcFq2ALvB2tbB,BnE7vA2bFeL5dcsJh8QLsvjBzV2P5DbcmWVz9khpKqsb,5470.68,0.00
AkTgH1uW6J6j6QHmFNGzZuZwwXaHQsPCpHUriED28tRj,754ddL2LSN1XjaESqSdfh5nj9sfVNZANeQf6mjiThrtT,5393.24,0.00
ALADWCeemWJXDtyx74SQUgtjoS7Tk1vKwNDF5EJULYkk,H6E4PPuCZZBBzpjPUJiDfMueHziBMTJNzzmbMMc83dFD,5303.04,0.00
13wEPEmmSzaaLFuEHnJizHBsR8omD3RiDuDuafenLyiW,GJA5MJgw8jWQNEgySDMs3tXbobL8HdW3t5gqo1KmXB1m,3994.03,0.00
Ct2bm8PTDuWD7dynaTJ5BsHDFoMT6HWjKFhBXuRKrsCQ,DqenAed7xCQNLV8GL8qkvfs1dk6UJQ3bXBqLYF3sByDe,3832.89,0.00
4sMMD5NumuCWH8c3SKB13FP71hLTq7pPYurRg7cP1RSd,6wPD85PsPkefQdNNBjYf7iprD8m2ZXVqdyisKf4VNhXX,3714.36,0.00
GzhY5gkEdYEBmPfqssGPAqDd1qbQQNXPF3NMFfUfz5Es,AqgB3CEX7jjP8ixqNzEvVFLu1KixJTRJ1emm6WFE7qNo,3522.92,0.00
F18k6maWeLGEeDMmAk9itmqK5jruzrEB4YtJ5EgJHRY6,4bJyD1AbEe71WcqogoTATerazoVG6mgZzonDjuDQByKB,3515.77,0.00
DyxyEbwGPXvdY6smUWpgGku8FeQvmt56M54kh86JSM1T,4GuuxPn7CqBHQqthvJQzZjJNArKBvTjxx9ppNa8DkEnK,3262.65,0.00
8jP9FXukfAMJm6TGwHS7Ang4ZFuLm8QvvZD8Vng7PS7,DDmfJBxPqbBjuDTJJTD4qmAic7U68rHTHxwjqb7ABJBo,3065.50,0.00
6hk3zbcAJMAqX3Wty8MFAAgBfK9hL6DwD2aYJSQtvC8n,G7UpPCu16uhLDAGAezbFja6RxQigDtd9ibbbsfnnadM6,2907.85,0.00
4TB5iSDJwnVV3WKR3k8W4iMnbNrbSr9YzX8NDLPhRiSP,83nhw3sRELhUoEvhQFF6Zar3iyca2HBtiNZ2VZoHA8J9,2139.16,0.00
45ruCyfdRkWpRNGEqWzjCiXRHkZs8WXCLQ67Pnpye7Hp,GJzaL1FMJLtx5ETRZ2nM3nr54kpcWngndiBbBEC7SnkE,2081.93,0.00
DSN3j1ykL3obAVNv7ZX49VsFCPe4LqzxHnmtLiPwY6xg,ABc4sjhdVspDhCLBYJSs4UsKZdDCZfFHZq4uYJFn9xJg,1531.75,0.00
HU23r7UoZbqTUuh3vA7emAGztFtqwTeVips789vqxxBw,HahydtBGL7bveEXvWWJn2dgBbaKd1u1tBzv9hsX9Ny6o,1518.68,0.00
DM87viNSRTMRLPnt8TwouF8h3K1otAAEEEHo92HsTKMZ,FeNv7z8pspiK6kkpqGhVi8dVQ6qitRcXiDDdELXMod6H,1358.92,0.00
CCyNh5w7Ygti48LLDL6bvjVcewrFp4kBBGihpGoNGqx5,BtpxajCbqpRowrVHbkD5hmF2o6iGgLwmnVbtfvqtfT33,1244.14,0.00
5iywveQKkidqPDKt2CExJcWKex2EXz9kbGcYiZvhuXWs,G4JccV8xYzWkQtjLsKRFCqFzhNZHPsMAZeX4vZPUqUNP,1010.16,0.00
EPQDS9cvtvaRihHziJa5ouwQFgeAWrx8nPExhrDxVZQE,7duE6yiiQeg36bXmsZvhU1ZcgwdZEh4gaXtdZSB8H3yc,909.19,0.00
5U1RVPKTZxg3KZbHAJShhQPUQtFYDemiJugq1s24Ack8,F2RycHNFdxyseqyadDqFtnvGoQD6uDgCtJRfxknEUdwT,597.69,0.00
AsWoJQrTMU44WAPbDvtkbxGgec9BvLcstzS2DVyJRFtW,84CHDic1ZEKwJrjNdMRo9nqmtKLBaFS4dUY3aXu936h1,537.79,0.00
4xDsmeTWPNjgSVSS1VTfzFq3iHZhp77ffPkAmkZkdu71,9WMBVEbD7ksR6ST9bzQAttgCJNRzco7kd1xM7qFbdMMD,534.87,0.00
7iWnBRRhBCiNXXPhqiGzvvBkKrvFSWqqmxRyu9VyYBxE,8PdqFhvc6nZd49XEAzgT6q962m3SbrpKsWwVSqtEQjsR,238.05,0.00
CapuXNQoDviLvU1PxFiizLgPNQCxrsag1uMeyk6zLVps,36BjDD4hQqubDrsMxBU2gt9NoBbdhko1Y7wfkFHBtUjp,151.44,0.00
DQeJQ91Uzcuyk4iAtpQ9FwD8Ddwr62NeWd8hoE1kgLLs,2MYNEEhrJ2rfsVBETXhGdengnxSUiZxEYoPzdXYkk5Hy,143.40,0.00
9nnLbotNTcUhvbrsA6Mdkx45Sm82G35zo28AqUvjExn8,GaiQUAF4cktmxBr6AeurqiB4iDkoQ4D3CUaYdHnYWxuA,112.29,0.00
22WLnDCeMvcoboRgVt8a4ztkd4yA1ptSv9JpnE2gx95R,3zhag1giAFDiW5h8c737sdn6UCwJqSLJqWLH1dyF2Jgq,99.84,0.00
CaShxDq2Vbdp2XryjDdUZthbTzwYsvKuH6Knn9pPi4xU,3a5ahGPYcwVBswYS5qAWsjHB4zJzcVLwsVaL731XAD4e,94.02,0.00
GP8StUXNYSZjPikyRsvkTbvRV1GBxMErb59cpeCJnDf1,724WGKHqqNrWwy43t39h3vBin6CJaXFAqZqFZRcckkZr,91.73,0.00
6dv5tf8AeDt66XPdEdE43ShkxqEF1T7sHgxEgd2WC69o,AfTqomM825MDMC9C5iBbu9vHmqBsvH9ZDZqdM83GVpou,57.99,0.00
4pnUGrmfNQxEopJWh3ZssAUP1xzkDRSpHyDL8Cen5wiN,7qffRwGthnYJ8wi1oELoay3G1anXjJXEycYzRUbwmucV,53.16,0.00
69yhtoJR4JYPPABZcSNkzuqbaFbwHsCkja1sP1Q2aVT5,3yyZfphh2C1QAHV78vsU3aUUgbhKT9LVoHxpk6JJYNUH,52.47,0.00
CZY9M9BywshFAFjPw7uLgXw9yGtNL26YypLCJdewiHo,6CQAdV2UZM66C1sG2LcwKVUY95y3Rynvsae4gSDJcQwt,51.28,0.00
91hQeHSNFiqAtW2YcP4wkbzX47CHqdHp8RdAhZPRAZSE,FKY8YJWE22iqbG6iMqJcp2XkwUHqhvAUWGepcgW7b6R5,49.33,0.00
66ZC9U8y1uYaAxt4WFYVW11YZeZohvi8ev6wBHsAxykh,9vDqkkXryMxzF1X1CAEn1a8t7wwoZBfWEBPUErkNVP7z,48.14,0.00
GsJhtNGy6A1B2YLYFsUbAWBhGVBXRrV1zGu1htP4q9Rt,4aEZwWyVE3iqaRyr2igHR6JqWVAuheNY4z9PHdS6vvXr,43.56,0.00
2TcE41HDLUxEr9KtaCTZajosPviCKk6Fra7Pwr7tcose,BbLufR4AbYA632Mfv6h7DZ68YfomBego6t4UZ4w7y7YZ,42.58,0.00
7RJY6z8ozwmPaMsVeNqA3tRb2HsFgHXduNC5SpQMUVNL,3vWpsXSaBxEnHit5yVteGuM3wJdkA2gFJt6G86gyNaZf,39.19,0.00
6tPcGZmaPkGykFWxJk2UEzgRvsaCMEWp1GRcaKPjncVd,FsbdsF4iKGp2G28zshSEALKsppLZAmTjNjQK2a4AUWpQ,39.08,0.00
CVe9FJnzBcSftWrfL3j7eM3caHhNAHADGK2zWfgpSFHs,6rT27gGuFFW5B8LWaZuaA1G4iSZkp98vfRk97dUCaJqx,36.04,0.00
3LoAYHuSd7Gh8d7RTFnhvYtiTiefdZ5ByamU42vkzd76,5CeRptTVqocdqRXdcZhv14HNT8ENSNpdG2D6spCs5pgQ,34.98,0.00
F7L1rzJMYZhyFswnsEnwjgsXia61MQdMuXGtZdpdcPX9,AF4RG8vZFLk5uFD4rkNMBoyG4pAR7HfMfsiUDtDkqmML,34.78,0.00
FhUd6afuEMr44r4kvFDx9qkBxmtP4zHdyRfcqv8pvE2L,GA6FTURHBcwH8Un4fQRqxYTc3M1V4FTofL83bBm7mDXJ,30.80,0.00
86REXJkr8k8rgnNF2jp1ST9UttqJpTzemqmFZZ2kBKsH,AApuVdN3TQbAssW7EH4g6oVUggwxGoQ2iCPZStPFPr1F,24.65,0.00
2j3MGgjTZnf5woD1dV9XScaSy5SxPeKh5eTTzcpZ142z,8DkLa5ANx6vmAy6RmznE99NpsedRyUi2JZZKtidBqSLB,22.44,0.00
B4vuBmVCarV3syMRWXpB9Vz3CVs26GzyBKeBWRdpfJhb,84fYZWqVLtbNCFTAAEir3QYPyMbwUAcbaobnYX7y5Pt5,21.39,0.00
2MrunUrwDDdxFsdSvgkaDFkyZG8yrPow1YqT3rLZTbB8,FPmWfLeFTbhJAohGUwiASXzDcoDbddLGRNfBTmtNn16S,17.61,0.00
5YBPFZnsUPdZWcTGqtV9Zeu6G2ERSuT1VEyBZJn6odvL,G18C2v8czwHDA6cC8Umri59TzyTxcQyFtDxTvjmp73yX,11.63,0.00
9owWYN3f3g7qDSTKG2UwJ4vNgSHzVaQ3rDHeR1nnmeEv,AywT9oEgNSsomyWWcco8cnqNVyvNxZFpFADyMkNQwjLy,11.37,0.00
NG2u6aHeZTnqi2mDb4MajeT6oDfHqu8wyfAet8N78hY,3ZCN1KGMGXjQ9hszNpyNxfiG5AVf3Lf7nEDEPcqqBBcF,0.61,0.00
66QDWK6i8qqJz6bJJhCrA5PPzy13VfpiQLwB9NFY9ekJ,B3MZbrN7nnyMHzHiXmyhTScXvstH7ap4Hwmg1g14A48y,0.15,0.00
zeLudAG5JX7KF4dMUWayVomvoXmQe11PaamDayKCafJ,EDeuQgSgmzNUGbD9LphyjAYmVofTF3vUEiagBHkbXwRa,0.09,0.00
wa978ScuChdRM9pAktkzrh9rm45ZFcD6rDB9iQ564nB,FfWkCLN54oUjdE6NSSY8VuSX1V6KuHBFpYjg66piwDUr,0.08,0.00
H8TA5849p8YNakJYWtRdpaX9MkXTL8oQ1sbyvz8BZgG8,5rHxh544SJ8w9uZ6u155FVGWwSB3ZuvhhDsKJnc4XHyh,0.04,0.00
5SCXBpbT6zgBKTrLtEkVVepsgsoFNipHo86VrRxDQeDo,AYTj1gyyQaXsfQQiXynPDeRd2S8xESbbyWJrofPE127X,0.01,0.00
8cTDBPFTNZfNazRYSGRqzTFH5GW849ctFAnotJaEufiZ,Fq6ntYpBDudzc3Rm9j89opU2TmxxJjR9z2SQgDV5JUcH,0.00,0.00
